col,row,label,height_cm
1,1,12,3cm
2,1,12,3cm
3,1,12,3cm
4,1,12,3cm
5,1,12,7cm
6,1,12,5cm
7,1,12,7cm
8,1,12,3cm
9,1,12,9cm
10,1,12,7cm
11,1,12,5cm
12,1,12,7cm
13,1,12,9cm
14,1,12,9cm
15,1,12,7cm
16,1,12,9cm
17,1,12,9cm
18,1,12,5cm
19,1,12,1cm
20,1,12,3cm
21,1,12,1cm
22,1,12,3cm
23,1,12,5cm
24,1,12,7cm
25,1,12,7cm
26,1,12,9cm
27,1,12,3cm
28,1,12,3cm
29,1,12,3cm
30,1,12,7cm
31,1,12,5cm
32,1,12,1cm
33,1,12,5cm
34,1,12,5cm
35,1,12,5cm
36,1,12,3cm
37,1,12,1cm
38,1,12,1cm
39,1,12,3cm
40,1,12,3cm
41,1,12,1cm
42,1,12,1cm
43,1,12,7cm
44,1,12,7cm
45,1,12,9cm
46,1,12,5cm
47,1,12,1cm
48,1,12,9cm
49,1,12,1cm
50,1,12,3cm
1,2,12,9cm
2,2,12,9cm
3,2,12,1cm
4,2,12,1cm
5,2,12,9cm
6,2,12,5cm
7,2,12,7cm
8,2,12,7cm
9,2,12,1cm
10,2,12,3cm
11,2,12,3cm
12,2,12,5cm
13,2,12,1cm
14,2,12,1cm
15,2,12,1cm
16,2,12,5cm
17,2,12,1cm
18,2,12,7cm
19,2,12,3cm
20,2,12,9cm
21,2,12,5cm
22,2,12,5cm
23,2,12,3cm
24,2,12,1cm
25,2,12,9cm
26,2,12,5cm
27,2,12,1cm
28,2,12,9cm
29,2,12,3cm
30,2,12,5cm
31,2,12,7cm
32,2,12,1cm
33,2,12,1cm
34,2,12,9cm
35,2,12,1cm
36,2,12,1cm
37,2,12,9cm
38,2,12,5cm
39,2,12,3cm
40,2,12,1cm
41,2,12,7cm
42,2,12,7cm
43,2,12,5cm
44,2,12,5cm
45,2,12,5cm
46,2,12,5cm
47,2,12,3cm
48,2,12,5cm
49,2,12,5cm
50,2,12,3cm
1,3,12,5cm
2,3,12,5cm
3,3,12,5cm
4,3,12,9cm
5,3,12,1cm
6,3,12,9cm
7,3,12,9cm
8,3,12,1cm
9,3,12,5cm
10,3,12,1cm
11,3,12,1cm
12,3,12,5cm
13,3,12,5cm
14,3,12,5cm
15,3,12,5cm
16,3,12,7cm
17,3,12,3cm
18,3,12,3cm
19,3,12,3cm
20,3,12,3cm
21,3,12,1cm
22,3,12,5cm
23,3,12,1cm
24,3,12,1cm
25,3,12,3cm
26,3,12,9cm
27,3,12,3cm
28,3,12,3cm
29,3,12,9cm
30,3,12,9cm
31,3,12,3cm
32,3,12,3cm
33,3,12,9cm
34,3,12,9cm
35,3,12,7cm
36,3,12,1cm
37,3,12,9cm
38,3,12,1cm
39,3,12,3cm
40,3,12,1cm
41,3,12,9cm
42,3,12,7cm
43,3,12,1cm
44,3,12,3cm
45,3,12,1cm
46,3,12,3cm
47,3,12,7cm
48,3,12,7cm
49,3,12,1cm
50,3,12,9cm
1,4,12,7cm
2,4,12,9cm
3,4,12,1cm
4,4,12,7cm
5,4,12,1cm
6,4,12,9cm
7,4,12,1cm
8,4,12,7cm
9,4,12,3cm
10,4,12,5cm
11,4,12,7cm
12,4,12,5cm
13,4,12,9cm
14,4,12,9cm
15,4,12,5cm
16,4,12,5cm
17,4,12,5cm
18,4,12,7cm
19,4,12,1cm
20,4,12,3cm
21,4,12,9cm
22,4,12,7cm
23,4,10,3cm
24,4,15,9cm
25,4,15,3cm
26,4,2,5cm
27,4,2,9cm
28,4,2,1cm
29,4,2,5cm
30,4,12,9cm
31,4,12,5cm
32,4,12,9cm
33,4,12,7cm
34,4,12,7cm
35,4,12,9cm
36,4,12,9cm
37,4,12,3cm
38,4,12,7cm
39,4,12,3cm
40,4,12,7cm
41,4,12,1cm
42,4,12,1cm
43,4,12,9cm
44,4,12,9cm
45,4,12,9cm
46,4,12,5cm
47,4,12,5cm
48,4,12,7cm
49,4,12,7cm
50,4,12,7cm
1,5,12,9cm
2,5,12,9cm
3,5,12,1cm
4,5,12,7cm
5,5,12,9cm
6,5,12,7cm
7,5,12,7cm
8,5,12,3cm
9,5,12,3cm
10,5,12,9cm
11,5,12,3cm
12,5,12,7cm
13,5,12,7cm
14,5,12,7cm
15,5,12,9cm
16,5,12,7cm
17,5,12,3cm
18,5,2,3cm
19,5,10,3cm
20,5,10,3cm
21,5,10,5cm
22,5,17,3cm
23,5,20,9cm
24,5,17,3cm
25,5,20,1cm
26,5,17,9cm
27,5,20,3cm
28,5,34,9cm
29,5,34,5cm
30,5,37,1cm
31,5,15,5cm
32,5,15,1cm
33,5,15,5cm
34,5,10,3cm
35,5,15,7cm
36,5,15,7cm
37,5,10,7cm
38,5,2,3cm
39,5,12,3cm
40,5,12,9cm
41,5,2,5cm
42,5,10,5cm
43,5,2,3cm
44,5,2,3cm
45,5,2,3cm
46,5,2,9cm
47,5,12,3cm
48,5,12,7cm
49,5,12,9cm
50,5,12,3cm
1,6,12,3cm
2,6,12,7cm
3,6,12,7cm
4,6,12,7cm
5,6,12,7cm
6,6,12,7cm
7,6,12,7cm
8,6,12,7cm
9,6,12,5cm
10,6,12,9cm
11,6,12,1cm
12,6,12,3cm
13,6,12,7cm
14,6,12,1cm
15,6,12,7cm
16,6,2,7cm
17,6,37,1cm
18,6,15,5cm
19,6,15,1cm
20,6,17,1cm
21,6,37,5cm
22,6,34,9cm
23,6,20,9cm
24,6,20,9cm
25,6,20,7cm
26,6,28,3cm
27,6,28,7cm
28,6,29,3cm
29,6,39,1cm
30,6,39,1cm
31,6,39,1cm
32,6,39,3cm
33,6,26,1cm
34,6,17,5cm
35,6,15,7cm
36,6,10,1cm
37,6,15,9cm
38,6,17,9cm
39,6,15,7cm
40,6,15,7cm
41,6,15,1cm
42,6,15,9cm
43,6,15,7cm
44,6,10,5cm
45,6,15,3cm
46,6,2,9cm
47,6,12,9cm
48,6,12,1cm
49,6,12,1cm
50,6,12,5cm
1,7,12,7cm
2,7,12,7cm
3,7,12,5cm
4,7,12,3cm
5,7,12,3cm
6,7,12,1cm
7,7,12,9cm
8,7,12,5cm
9,7,12,9cm
10,7,12,9cm
11,7,12,9cm
12,7,12,3cm
13,7,12,3cm
14,7,2,3cm
15,7,37,3cm
16,7,37,7cm
17,7,15,3cm
18,7,10,3cm
19,7,10,3cm
20,7,15,5cm
21,7,37,7cm
22,7,37,1cm
23,7,20,1cm
24,7,20,1cm
25,7,13,9cm
26,7,20,1cm
27,7,20,1cm
28,7,20,3cm
29,7,29,3cm
30,7,29,3cm
31,7,26,3cm
32,7,29,5cm
33,7,39,7cm
34,7,29,7cm
35,7,20,3cm
36,7,20,3cm
37,7,17,7cm
38,7,26,3cm
39,7,26,1cm
40,7,15,1cm
41,7,15,7cm
42,7,10,5cm
43,7,15,3cm
44,7,15,3cm
45,7,10,1cm
46,7,2,1cm
47,7,12,7cm
48,7,12,3cm
49,7,12,1cm
50,7,12,5cm
1,8,12,9cm
2,8,12,1cm
3,8,12,1cm
4,8,12,1cm
5,8,12,3cm
6,8,12,1cm
7,8,12,1cm
8,8,12,9cm
9,8,12,1cm
10,8,12,7cm
11,8,12,1cm
12,8,12,7cm
13,8,2,5cm
14,8,10,5cm
15,8,21,1cm
16,8,21,5cm
17,8,10,5cm
18,8,10,5cm
19,8,15,1cm
20,8,15,5cm
21,8,17,1cm
22,8,20,5cm
23,8,20,7cm
24,8,17,5cm
25,8,20,7cm
26,8,20,9cm
27,8,17,9cm
28,8,20,3cm
29,8,17,1cm
30,8,20,1cm
31,8,29,3cm
32,8,26,3cm
33,8,17,3cm
34,8,20,9cm
35,8,29,7cm
36,8,29,7cm
37,8,20,5cm
38,8,17,5cm
39,8,17,3cm
40,8,20,5cm
41,8,17,7cm
42,8,37,3cm
43,8,37,1cm
44,8,15,7cm
45,8,15,9cm
46,8,10,5cm
47,8,12,9cm
48,8,12,1cm
49,8,12,5cm
50,8,12,9cm
1,9,12,1cm
2,9,12,1cm
3,9,12,7cm
4,9,12,5cm
5,9,12,3cm
6,9,12,9cm
7,9,12,1cm
8,9,12,1cm
9,9,12,5cm
10,9,12,5cm
11,9,12,1cm
12,9,2,3cm
13,9,2,3cm
14,9,10,5cm
15,9,15,9cm
16,9,17,9cm
17,9,20,5cm
18,9,20,5cm
19,9,20,7cm
20,9,20,9cm
21,9,20,5cm
22,9,20,9cm
23,9,17,9cm
24,9,17,7cm
25,9,17,7cm
26,9,17,1cm
27,9,20,3cm
28,9,20,5cm
29,9,17,5cm
30,9,20,5cm
31,9,17,5cm
32,9,17,9cm
33,9,20,3cm
34,9,20,7cm
35,9,20,3cm
36,9,20,7cm
37,9,26,9cm
38,9,29,3cm
39,9,29,1cm
40,9,26,7cm
41,9,20,1cm
42,9,17,5cm
43,9,20,3cm
44,9,5,1cm
45,9,15,9cm
46,9,15,7cm
47,9,12,9cm
48,9,12,1cm
49,9,12,3cm
50,9,12,3cm
1,10,12,9cm
2,10,12,9cm
3,10,12,9cm
4,10,12,3cm
5,10,12,3cm
6,10,12,1cm
7,10,12,9cm
8,10,12,9cm
9,10,10,7cm
10,10,15,7cm
11,10,12,7cm
12,10,10,1cm
13,10,15,7cm
14,10,15,5cm
15,10,15,5cm
16,10,15,7cm
17,10,15,7cm
18,10,15,5cm
19,10,10,5cm
20,10,15,5cm
21,10,15,5cm
22,10,10,9cm
23,10,2,9cm
24,10,12,9cm
25,10,2,3cm
26,10,10,5cm
27,10,10,1cm
28,10,10,3cm
29,10,10,9cm
30,10,10,1cm
31,10,15,5cm
32,10,17,5cm
33,10,17,1cm
34,10,20,3cm
35,10,20,1cm
36,10,30,1cm
37,10,30,9cm
38,10,9,5cm
39,10,25,5cm
40,10,25,1cm
41,10,26,9cm
42,10,26,3cm
43,10,17,5cm
44,10,15,3cm
45,10,15,1cm
46,10,15,1cm
47,10,12,7cm
48,10,12,3cm
49,10,12,1cm
50,10,12,9cm
1,11,12,9cm
2,11,12,7cm
3,11,12,1cm
4,11,12,5cm
5,11,12,9cm
6,11,12,9cm
7,11,12,1cm
8,11,12,5cm
9,11,37,9cm
10,11,10,3cm
11,11,15,3cm
12,11,15,5cm
13,11,10,5cm
14,11,15,1cm
15,11,15,7cm
16,11,10,3cm
17,11,10,9cm
18,11,12,9cm
19,11,2,3cm
20,11,2,3cm
21,11,12,3cm
22,11,2,7cm
23,11,12,5cm
24,11,12,3cm
25,11,12,5cm
26,11,2,1cm
27,11,12,5cm
28,11,12,7cm
29,11,12,7cm
30,11,12,7cm
31,11,2,3cm
32,11,10,9cm
33,11,15,7cm
34,11,17,7cm
35,11,17,7cm
36,11,17,3cm
37,11,7,9cm
38,11,30,1cm
39,11,36,7cm
40,11,36,7cm
41,11,40,5cm
42,11,7,7cm
43,11,20,1cm
44,11,17,7cm
45,11,20,3cm
46,11,15,3cm
47,11,12,7cm
48,11,12,3cm
49,11,12,5cm
50,11,12,9cm
1,12,12,7cm
2,12,12,7cm
3,12,12,9cm
4,12,12,3cm
5,12,12,1cm
6,12,12,7cm
7,12,12,5cm
8,12,15,3cm
9,12,10,3cm
10,12,10,3cm
11,12,15,7cm
12,12,15,7cm
13,12,15,9cm
14,12,10,7cm
15,12,2,1cm
16,12,10,3cm
17,12,12,1cm
18,12,12,7cm
19,12,12,7cm
20,12,2,7cm
21,12,12,3cm
22,12,12,7cm
23,12,10,7cm
24,12,10,1cm
25,12,10,7cm
26,12,10,5cm
27,12,10,1cm
28,12,10,9cm
29,12,12,9cm
30,12,12,3cm
31,12,12,7cm
32,12,2,3cm
33,12,2,3cm
34,12,12,3cm
35,12,10,1cm
36,12,17,9cm
37,12,17,1cm
38,12,23,9cm
39,12,7,5cm
40,12,30,9cm
41,12,30,9cm
42,12,30,5cm
43,12,7,5cm
44,12,7,3cm
45,12,20,1cm
46,12,15,7cm
47,12,12,7cm
48,12,12,3cm
49,12,12,7cm
50,12,12,5cm
1,13,12,5cm
2,13,12,5cm
3,13,12,3cm
4,13,12,3cm
5,13,12,7cm
6,13,12,9cm
7,13,10,5cm
8,13,2,3cm
9,13,10,1cm
10,13,15,5cm
11,13,10,5cm
12,13,15,9cm
13,13,10,5cm
14,13,12,7cm
15,13,4,9cm
16,13,2,1cm
17,13,4,7cm
18,13,2,1cm
19,13,12,5cm
20,13,10,3cm
21,13,10,7cm
22,13,10,1cm
23,13,13,7cm
24,13,15,7cm
25,13,39,3cm
26,13,39,3cm
27,13,32,1cm
28,13,32,3cm
29,13,39,3cm
30,13,15,9cm
31,13,12,1cm
32,13,12,5cm
33,13,12,3cm
34,13,12,3cm
35,13,2,9cm
36,13,10,1cm
37,13,15,9cm
38,13,17,5cm
39,13,17,1cm
40,13,20,9cm
41,13,25,9cm
42,13,30,7cm
43,13,26,7cm
44,13,20,9cm
45,13,20,3cm
46,13,15,9cm
47,13,12,9cm
48,13,12,5cm
49,13,12,3cm
50,13,12,5cm
1,14,12,3cm
2,14,12,5cm
3,14,12,1cm
4,14,12,3cm
5,14,12,7cm
6,14,2,9cm
7,14,12,7cm
8,14,2,3cm
9,14,15,3cm
10,14,10,7cm
11,14,15,1cm
12,14,15,5cm
13,14,2,5cm
14,14,4,7cm
15,14,4,3cm
16,14,14,3cm
17,14,14,5cm
18,14,2,1cm
19,14,12,1cm
20,14,23,7cm
21,14,13,7cm
22,14,17,1cm
23,14,10,5cm
24,14,2,5cm
25,14,35,9cm
26,14,35,5cm
27,14,35,9cm
28,14,32,7cm
29,14,1,9cm
30,14,32,9cm
31,14,5,9cm
32,14,12,5cm
33,14,4,5cm
34,14,4,3cm
35,14,2,9cm
36,14,10,9cm
37,14,2,9cm
38,14,15,1cm
39,14,20,1cm
40,14,17,5cm
41,14,17,3cm
42,14,30,9cm
43,14,20,7cm
44,14,20,3cm
45,14,20,5cm
46,14,17,1cm
47,14,12,9cm
48,14,12,9cm
49,14,12,1cm
50,14,12,7cm
1,15,12,7cm
2,15,12,7cm
3,15,12,5cm
4,15,4,9cm
5,15,2,3cm
6,15,2,1cm
7,15,10,5cm
8,15,15,3cm
9,15,10,3cm
10,15,15,7cm
11,15,2,1cm
12,15,10,1cm
13,15,4,9cm
14,15,4,3cm
15,15,14,7cm
16,15,14,5cm
17,15,21,5cm
18,15,10,5cm
19,15,23,7cm
20,15,7,9cm
21,15,30,5cm
22,15,15,5cm
23,15,2,1cm
24,15,12,9cm
25,15,6,5cm
26,15,31,3cm
27,15,35,3cm
28,15,32,3cm
29,15,1,9cm
30,15,1,7cm
31,15,29,5cm
32,15,10,7cm
33,15,2,5cm
34,15,21,1cm
35,15,21,7cm
36,15,12,7cm
37,15,15,3cm
38,15,12,5cm
39,15,15,9cm
40,15,17,7cm
41,15,28,3cm
42,15,17,1cm
43,15,20,3cm
44,15,20,9cm
45,15,13,9cm
46,15,17,5cm
47,15,12,3cm
48,15,12,5cm
49,15,12,5cm
50,15,12,5cm
1,16,12,5cm
2,16,12,3cm
3,16,12,1cm
4,16,2,7cm
5,16,12,5cm
6,16,2,5cm
7,16,15,9cm
8,16,10,5cm
9,16,10,7cm
10,16,2,5cm
11,16,2,3cm
12,16,12,7cm
13,16,14,9cm
14,16,14,7cm
15,16,21,3cm
16,16,3,5cm
17,16,15,5cm
18,16,12,9cm
19,16,10,5cm
20,16,17,3cm
21,16,17,7cm
22,16,2,5cm
23,16,12,9cm
24,16,12,3cm
25,16,2,3cm
26,16,37,3cm
27,16,34,5cm
28,16,35,5cm
29,16,32,5cm
30,16,1,5cm
31,16,28,1cm
32,16,23,7cm
33,16,15,7cm
34,16,37,9cm
35,16,21,5cm
36,16,14,5cm
37,16,2,7cm
38,16,10,9cm
39,16,2,5cm
40,16,15,7cm
41,16,17,9cm
42,16,16,3cm
43,16,20,7cm
44,16,28,5cm
45,16,17,5cm
46,16,15,7cm
47,16,12,5cm
48,16,12,7cm
49,16,12,7cm
50,16,12,3cm
1,17,12,1cm
2,17,12,1cm
3,17,12,1cm
4,17,12,1cm
5,17,12,3cm
6,17,10,5cm
7,17,10,5cm
8,17,2,3cm
9,17,2,9cm
10,17,2,7cm
11,17,4,1cm
12,17,14,9cm
13,17,14,9cm
14,17,14,7cm
15,17,6,9cm
16,17,11,9cm
17,17,15,9cm
18,17,13,9cm
19,17,7,3cm
20,17,26,3cm
21,17,17,9cm
22,17,10,5cm
23,17,12,9cm
24,17,12,3cm
25,17,12,7cm
26,17,12,3cm
27,17,4,3cm
28,17,37,1cm
29,17,17,3cm
30,17,20,9cm
31,17,17,1cm
32,17,23,1cm
33,17,15,5cm
34,17,34,7cm
35,17,3,3cm
36,17,3,7cm
37,17,11,5cm
38,17,4,1cm
39,17,10,5cm
40,17,2,9cm
41,17,37,3cm
42,17,15,3cm
43,17,28,1cm
44,17,28,7cm
45,17,17,3cm
46,17,17,5cm
47,17,12,7cm
48,17,12,9cm
49,17,12,7cm
50,17,12,7cm
1,18,12,5cm
2,18,12,1cm
3,18,12,5cm
4,18,12,9cm
5,18,10,7cm
6,18,10,1cm
7,18,10,1cm
8,18,12,9cm
9,18,4,9cm
10,18,4,5cm
11,18,14,7cm
12,18,3,5cm
13,18,3,5cm
14,18,6,9cm
15,18,31,7cm
16,18,6,9cm
17,18,15,3cm
18,18,17,3cm
19,18,7,7cm
20,18,26,7cm
21,18,17,9cm
22,18,15,1cm
23,18,12,9cm
24,18,12,3cm
25,18,12,3cm
26,18,12,5cm
27,18,12,7cm
28,18,15,9cm
29,18,17,9cm
30,18,30,5cm
31,18,17,7cm
32,18,17,3cm
33,18,15,3cm
34,18,6,1cm
35,18,31,7cm
36,18,3,9cm
37,18,6,5cm
38,18,14,1cm
39,18,12,9cm
40,18,10,3cm
41,18,12,1cm
42,18,15,9cm
43,18,17,1cm
44,18,17,9cm
45,18,13,1cm
46,18,15,1cm
47,18,12,1cm
48,18,12,3cm
49,18,12,9cm
50,18,12,3cm
1,19,12,1cm
2,19,12,1cm
3,19,12,1cm
4,19,10,1cm
5,19,10,7cm
6,19,2,9cm
7,19,2,7cm
8,19,12,1cm
9,19,4,5cm
10,19,14,7cm
11,19,3,9cm
12,19,11,7cm
13,19,31,5cm
14,19,6,5cm
15,19,31,7cm
16,19,31,5cm
17,19,15,5cm
18,19,7,9cm
19,19,30,3cm
20,19,36,1cm
21,19,30,3cm
22,19,15,1cm
23,19,10,9cm
24,19,12,7cm
25,19,12,7cm
26,19,12,5cm
27,19,10,1cm
28,19,15,1cm
29,19,30,1cm
30,19,36,7cm
31,19,7,9cm
32,19,23,3cm
33,19,37,9cm
34,19,31,9cm
35,19,31,9cm
36,19,3,1cm
37,19,6,3cm
38,19,21,3cm
39,19,4,1cm
40,19,12,1cm
41,19,2,3cm
42,19,12,3cm
43,19,10,7cm
44,19,20,7cm
45,19,23,5cm
46,19,10,9cm
47,19,2,3cm
48,19,12,5cm
49,19,12,3cm
50,19,12,1cm
1,20,12,5cm
2,20,12,5cm
3,20,12,3cm
4,20,10,3cm
5,20,12,5cm
6,20,2,9cm
7,20,12,7cm
8,20,4,7cm
9,20,14,3cm
10,20,4,1cm
11,20,4,1cm
12,20,4,9cm
13,20,21,3cm
14,20,37,3cm
15,20,31,3cm
16,20,31,9cm
17,20,37,3cm
18,20,19,7cm
19,20,36,1cm
20,20,36,5cm
21,20,13,9cm
22,20,15,9cm
23,20,10,1cm
24,20,10,3cm
25,20,10,5cm
26,20,10,9cm
27,20,10,3cm
28,20,17,5cm
29,20,26,1cm
30,20,20,9cm
31,20,15,7cm
32,20,23,3cm
33,20,34,3cm
34,20,31,5cm
35,20,22,3cm
36,20,22,3cm
37,20,3,5cm
38,20,21,9cm
39,20,4,1cm
40,20,12,3cm
41,20,12,7cm
42,20,12,7cm
43,20,12,9cm
44,20,10,9cm
45,20,20,9cm
46,20,10,9cm
47,20,12,1cm
48,20,12,9cm
49,20,12,9cm
50,20,12,1cm
1,21,12,9cm
2,21,12,9cm
3,21,12,9cm
4,21,12,5cm
5,21,12,3cm
6,21,12,5cm
7,21,12,5cm
8,21,4,3cm
9,21,14,9cm
10,21,3,3cm
11,21,22,3cm
12,21,3,9cm
13,21,11,9cm
14,21,37,9cm
15,21,31,9cm
16,21,22,7cm
17,21,3,1cm
18,21,17,1cm
19,21,40,1cm
20,21,30,1cm
21,21,12,3cm
22,21,30,9cm
23,21,7,3cm
24,21,15,3cm
25,21,15,1cm
26,21,17,5cm
27,21,30,1cm
28,21,20,1cm
29,21,26,5cm
30,21,17,5cm
31,21,38,1cm
32,21,15,1cm
33,21,11,5cm
34,21,31,5cm
35,21,3,7cm
36,21,3,3cm
37,21,3,5cm
38,21,21,3cm
39,21,4,1cm
40,21,12,3cm
41,21,10,5cm
42,21,2,7cm
43,21,12,3cm
44,21,12,1cm
45,21,12,3cm
46,21,12,1cm
47,21,12,7cm
48,21,12,7cm
49,21,12,3cm
50,21,12,5cm
1,22,12,7cm
2,22,12,5cm
3,22,12,3cm
4,22,12,7cm
5,22,12,3cm
6,22,12,5cm
7,22,12,3cm
8,22,4,7cm
9,22,14,1cm
10,22,14,9cm
11,22,21,7cm
12,22,37,9cm
13,22,3,5cm
14,22,27,5cm
15,22,6,9cm
16,22,22,9cm
17,22,22,9cm
18,22,37,7cm
19,22,19,3cm
20,22,40,1cm
21,22,17,5cm
22,22,30,7cm
23,22,30,1cm
24,22,20,5cm
25,22,36,1cm
26,22,36,9cm
27,22,18,5cm
28,22,7,3cm
29,22,7,9cm
30,22,40,5cm
31,22,23,9cm
32,22,37,5cm
33,22,31,7cm
34,22,22,7cm
35,22,3,5cm
36,22,3,5cm
37,22,14,1cm
38,22,10,7cm
39,22,17,1cm
40,22,20,7cm
41,22,28,3cm
42,22,29,3cm
43,22,29,5cm
44,22,20,5cm
45,22,10,5cm
46,22,12,9cm
47,22,12,9cm
48,22,12,7cm
49,22,12,7cm
50,22,12,7cm
1,23,12,5cm
2,23,12,5cm
3,23,12,3cm
4,23,10,7cm
5,23,23,5cm
6,23,10,7cm
7,23,10,7cm
8,23,23,1cm
9,23,10,1cm
10,23,2,5cm
11,23,21,1cm
12,23,21,7cm
13,23,21,7cm
14,23,21,7cm
15,23,24,5cm
16,23,33,7cm
17,23,31,1cm
18,23,3,1cm
19,23,17,1cm
20,23,19,1cm
21,23,40,9cm
22,23,40,1cm
23,23,17,5cm
24,23,40,1cm
25,23,40,3cm
26,23,40,5cm
27,23,40,1cm
28,23,17,5cm
29,23,17,9cm
30,23,13,3cm
31,23,37,9cm
32,23,22,3cm
33,23,22,9cm
34,23,22,1cm
35,23,3,7cm
36,23,21,7cm
37,23,20,7cm
38,23,28,1cm
39,23,28,1cm
40,23,29,5cm
41,23,29,9cm
42,23,15,9cm
43,23,15,1cm
44,23,10,1cm
45,23,10,1cm
46,23,2,5cm
47,23,12,1cm
48,23,12,7cm
49,23,12,5cm
50,23,12,1cm
1,24,12,1cm
2,24,12,7cm
3,24,12,7cm
4,24,12,7cm
5,24,15,7cm
6,24,15,7cm
7,24,17,7cm
8,24,17,7cm
9,24,17,9cm
10,24,17,5cm
11,24,17,3cm
12,24,10,1cm
13,24,2,7cm
14,24,2,3cm
15,24,8,7cm
16,24,24,7cm
17,24,6,3cm
18,24,11,9cm
19,24,21,3cm
20,24,37,3cm
21,24,17,9cm
22,24,40,5cm
23,24,40,5cm
24,24,40,5cm
25,24,40,7cm
26,24,20,1cm
27,24,40,7cm
28,24,17,1cm
29,24,15,3cm
30,24,34,3cm
31,24,11,3cm
32,24,3,1cm
33,24,3,3cm
34,24,37,9cm
35,24,26,7cm
36,24,29,3cm
37,24,26,5cm
38,24,26,5cm
39,24,20,7cm
40,24,15,7cm
41,24,17,3cm
42,24,20,5cm
43,24,13,7cm
44,24,17,9cm
45,24,2,1cm
46,24,12,5cm
47,24,12,5cm
48,24,12,3cm
49,24,12,3cm
50,24,12,9cm
1,25,12,7cm
2,25,12,7cm
3,25,12,9cm
4,25,12,1cm
5,25,12,1cm
6,25,15,3cm
7,25,2,5cm
8,25,10,9cm
9,25,15,5cm
10,25,17,5cm
11,25,17,5cm
12,25,17,1cm
13,25,17,1cm
14,25,10,1cm
15,25,10,1cm
16,25,27,7cm
17,25,33,1cm
18,25,33,1cm
19,25,6,1cm
20,25,11,9cm
21,25,37,7cm
22,25,5,3cm
23,25,17,3cm
24,25,17,3cm
25,25,17,5cm
26,25,15,3cm
27,25,17,3cm
28,25,17,1cm
29,25,6,1cm
30,25,22,1cm
31,25,3,1cm
32,25,37,9cm
33,25,39,7cm
34,25,29,7cm
35,25,29,1cm
36,25,26,1cm
37,25,17,7cm
38,25,17,1cm
39,25,17,3cm
40,25,15,3cm
41,25,20,7cm
42,25,20,9cm
43,25,15,1cm
44,25,10,1cm
45,25,15,3cm
46,25,10,3cm
47,25,12,7cm
48,25,12,1cm
49,25,12,3cm
50,25,12,9cm
1,26,12,5cm
2,26,12,3cm
3,26,12,3cm
4,26,12,3cm
5,26,12,1cm
6,26,12,3cm
7,26,12,3cm
8,26,2,5cm
9,26,2,3cm
10,26,15,7cm
11,26,17,3cm
12,26,20,7cm
13,26,26,9cm
14,26,20,9cm
15,26,26,3cm
16,26,20,9cm
17,26,17,9cm
18,26,24,9cm
19,26,24,3cm
20,26,6,9cm
21,26,31,3cm
22,26,31,9cm
23,26,22,7cm
24,26,11,9cm
25,26,11,7cm
26,26,37,5cm
27,26,3,5cm
28,26,37,1cm
29,26,6,3cm
30,26,6,3cm
31,26,29,1cm
32,26,29,1cm
33,26,26,1cm
34,26,26,5cm
35,26,20,7cm
36,26,15,7cm
37,26,20,9cm
38,26,17,9cm
39,26,17,1cm
40,26,16,9cm
41,26,26,7cm
42,26,15,1cm
43,26,20,3cm
44,26,20,7cm
45,26,15,5cm
46,26,10,9cm
47,26,12,5cm
48,26,12,3cm
49,26,12,9cm
50,26,12,5cm
1,27,12,3cm
2,27,12,3cm
3,27,12,7cm
4,27,12,9cm
5,27,12,1cm
6,27,12,5cm
7,27,12,3cm
8,27,2,3cm
9,27,10,9cm
10,27,2,9cm
11,27,10,3cm
12,27,10,1cm
13,27,10,1cm
14,27,17,9cm
15,27,17,5cm
16,27,17,5cm
17,27,26,9cm
18,27,26,9cm
19,27,26,7cm
20,27,26,5cm
21,27,26,9cm
22,27,26,5cm
23,27,26,5cm
24,27,26,7cm
25,27,26,7cm
26,27,16,3cm
27,27,16,1cm
28,27,29,9cm
29,27,26,9cm
30,27,26,9cm
31,27,20,9cm
32,27,20,5cm
33,27,17,1cm
34,27,2,7cm
35,27,10,1cm
36,27,15,7cm
37,27,15,5cm
38,27,20,1cm
39,27,16,3cm
40,27,20,7cm
41,27,15,3cm
42,27,26,9cm
43,27,26,1cm
44,27,15,3cm
45,27,10,5cm
46,27,10,7cm
47,27,12,5cm
48,27,12,3cm
49,27,12,1cm
50,27,12,1cm
1,28,12,5cm
2,28,12,5cm
3,28,12,5cm
4,28,12,1cm
5,28,12,1cm
6,28,12,3cm
7,28,12,5cm
8,28,12,5cm
9,28,15,7cm
10,28,12,7cm
11,28,10,7cm
12,28,10,3cm
13,28,15,7cm
14,28,2,9cm
15,28,15,9cm
16,28,2,7cm
17,28,15,7cm
18,28,17,9cm
19,28,17,9cm
20,28,17,9cm
21,28,17,9cm
22,28,20,5cm
23,28,28,5cm
24,28,20,5cm
25,28,20,1cm
26,28,28,9cm
27,28,20,3cm
28,28,17,1cm
29,28,20,5cm
30,28,20,3cm
31,28,17,9cm
32,28,10,9cm
33,28,10,3cm
34,28,15,1cm
35,28,15,3cm
36,28,15,3cm
37,28,26,5cm
38,28,26,9cm
39,28,20,9cm
40,28,26,3cm
41,28,20,5cm
42,28,17,1cm
43,28,10,9cm
44,28,10,1cm
45,28,10,3cm
46,28,10,3cm
47,28,12,7cm
48,28,12,1cm
49,28,12,3cm
50,28,12,5cm
1,29,12,5cm
2,29,12,7cm
3,29,12,3cm
4,29,12,9cm
5,29,12,5cm
6,29,12,5cm
7,29,12,3cm
8,29,12,9cm
9,29,15,5cm
10,29,12,1cm
11,29,12,1cm
12,29,10,9cm
13,29,15,9cm
14,29,15,3cm
15,29,10,7cm
16,29,2,1cm
17,29,2,5cm
18,29,10,5cm
19,29,2,1cm
20,29,2,1cm
21,29,10,1cm
22,29,10,7cm
23,29,10,9cm
24,29,17,1cm
25,29,15,9cm
26,29,15,3cm
27,29,10,9cm
28,29,2,7cm
29,29,10,7cm
30,29,2,7cm
31,29,10,1cm
32,29,17,5cm
33,29,17,7cm
34,29,17,7cm
35,29,17,7cm
36,29,26,1cm
37,29,20,5cm
38,29,20,3cm
39,29,20,7cm
40,29,15,7cm
41,29,15,9cm
42,29,10,7cm
43,29,15,3cm
44,29,10,7cm
45,29,10,1cm
46,29,2,1cm
47,29,12,7cm
48,29,12,1cm
49,29,12,9cm
50,29,12,5cm
1,30,12,7cm
2,30,12,7cm
3,30,12,5cm
4,30,12,1cm
5,30,12,3cm
6,30,12,7cm
7,30,12,9cm
8,30,12,1cm
9,30,10,1cm
10,30,12,1cm
11,30,12,7cm
12,30,12,7cm
13,30,2,5cm
14,30,10,7cm
15,30,2,3cm
16,30,10,1cm
17,30,17,3cm
18,30,10,7cm
19,30,2,7cm
20,30,12,7cm
21,30,12,1cm
22,30,2,7cm
23,30,12,7cm
24,30,10,3cm
25,30,2,7cm
26,30,2,9cm
27,30,2,3cm
28,30,2,5cm
29,30,10,5cm
30,30,15,1cm
31,30,15,7cm
32,30,10,1cm
33,30,15,1cm
34,30,20,1cm
35,30,20,3cm
36,30,17,5cm
37,30,10,3cm
38,30,17,5cm
39,30,17,9cm
40,30,10,5cm
41,30,10,5cm
42,30,15,9cm
43,30,10,9cm
44,30,15,1cm
45,30,10,3cm
46,30,12,7cm
47,30,12,7cm
48,30,12,1cm
49,30,12,7cm
50,30,12,9cm
1,31,12,9cm
2,31,12,9cm
3,31,12,1cm
4,31,12,1cm
5,31,12,7cm
6,31,12,5cm
7,31,12,9cm
8,31,12,1cm
9,31,12,3cm
10,31,12,9cm
11,31,12,9cm
12,31,12,5cm
13,31,12,9cm
14,31,10,7cm
15,31,2,5cm
16,31,2,3cm
17,31,15,7cm
18,31,10,3cm
19,31,15,9cm
20,31,10,1cm
21,31,12,7cm
22,31,2,3cm
23,31,15,7cm
24,31,17,7cm
25,31,15,1cm
26,31,15,1cm
27,31,17,3cm
28,31,17,1cm
29,31,15,1cm
30,31,20,5cm
31,31,17,3cm
32,31,15,9cm
33,31,20,1cm
34,31,20,1cm
35,31,20,5cm
36,31,20,3cm
37,31,15,5cm
38,31,10,9cm
39,31,2,3cm
40,31,15,5cm
41,31,5,5cm
42,31,10,7cm
43,31,15,7cm
44,31,15,5cm
45,31,15,1cm
46,31,2,5cm
47,31,12,5cm
48,31,12,9cm
49,31,12,1cm
50,31,12,9cm
1,32,12,1cm
2,32,12,9cm
3,32,12,3cm
4,32,12,1cm
5,32,12,7cm
6,32,12,5cm
7,32,12,7cm
8,32,12,1cm
9,32,12,1cm
10,32,12,7cm
11,32,12,3cm
12,32,12,9cm
13,32,12,9cm
14,32,2,7cm
15,32,12,1cm
16,32,12,1cm
17,32,10,9cm
18,32,2,3cm
19,32,2,3cm
20,32,2,7cm
21,32,21,7cm
22,32,2,3cm
23,32,2,9cm
24,32,12,9cm
25,32,10,5cm
26,32,10,9cm
27,32,15,5cm
28,32,10,7cm
29,32,17,5cm
30,32,20,5cm
31,32,20,5cm
32,32,26,9cm
33,32,20,9cm
34,32,15,1cm
35,32,15,5cm
36,32,2,5cm
37,32,12,5cm
38,32,2,3cm
39,32,10,3cm
40,32,2,9cm
41,32,12,1cm
42,32,15,5cm
43,32,10,7cm
44,32,15,1cm
45,32,15,9cm
46,32,2,3cm
47,32,12,5cm
48,32,12,5cm
49,32,12,3cm
50,32,12,7cm
1,33,12,7cm
2,33,12,7cm
3,33,12,9cm
4,33,12,5cm
5,33,12,1cm
6,33,12,3cm
7,33,12,9cm
8,33,12,1cm
9,33,12,1cm
10,33,12,7cm
11,33,12,3cm
12,33,12,3cm
13,33,12,5cm
14,33,2,1cm
15,33,12,7cm
16,33,12,9cm
17,33,12,9cm
18,33,12,9cm
19,33,2,7cm
20,33,12,5cm
21,33,4,9cm
22,33,2,9cm
23,33,12,3cm
24,33,2,5cm
25,33,12,9cm
26,33,2,1cm
27,33,2,1cm
28,33,2,1cm
29,33,15,5cm
30,33,15,7cm
31,33,2,9cm
32,33,12,7cm
33,33,12,9cm
34,33,12,3cm
35,33,12,7cm
36,33,12,7cm
37,33,2,1cm
38,33,12,9cm
39,33,12,5cm
40,33,12,7cm
41,33,12,1cm
42,33,12,3cm
43,33,12,1cm
44,33,2,5cm
45,33,12,5cm
46,33,12,9cm
47,33,12,1cm
48,33,12,9cm
49,33,12,9cm
50,33,12,9cm
1,34,12,9cm
2,34,12,1cm
3,34,12,3cm
4,34,12,7cm
5,34,12,9cm
6,34,12,9cm
7,34,12,5cm
8,34,12,9cm
9,34,12,7cm
10,34,12,9cm
11,34,12,1cm
12,34,12,7cm
13,34,12,5cm
14,34,12,7cm
15,34,12,1cm
16,34,12,9cm
17,34,12,9cm
18,34,12,5cm
19,34,12,9cm
20,34,12,1cm
21,34,12,7cm
22,34,12,9cm
23,34,12,5cm
24,34,12,1cm
25,34,12,1cm
26,34,12,1cm
27,34,12,9cm
28,34,12,9cm
29,34,12,9cm
30,34,12,9cm
31,34,12,3cm
32,34,12,7cm
33,34,12,7cm
34,34,12,5cm
35,34,12,9cm
36,34,12,9cm
37,34,12,7cm
38,34,12,5cm
39,34,12,9cm
40,34,12,7cm
41,34,12,5cm
42,34,12,1cm
43,34,12,7cm
44,34,12,9cm
45,34,12,9cm
46,34,12,7cm
47,34,12,9cm
48,34,12,7cm
49,34,12,7cm
50,34,12,1cm
1,35,12,3cm
2,35,12,3cm
3,35,12,3cm
4,35,12,3cm
5,35,12,1cm
6,35,12,9cm
7,35,12,9cm
8,35,12,1cm
9,35,12,5cm
10,35,12,7cm
11,35,12,3cm
12,35,12,5cm
13,35,12,5cm
14,35,12,7cm
15,35,12,5cm
16,35,12,5cm
17,35,12,5cm
18,35,12,5cm
19,35,12,1cm
20,35,12,1cm
21,35,12,5cm
22,35,12,9cm
23,35,12,5cm
24,35,12,1cm
25,35,12,7cm
26,35,12,1cm
27,35,12,1cm
28,35,12,3cm
29,35,12,1cm
30,35,12,5cm
31,35,12,3cm
32,35,12,3cm
33,35,12,9cm
34,35,12,7cm
35,35,12,1cm
36,35,12,7cm
37,35,12,9cm
38,35,12,3cm
39,35,12,9cm
40,35,12,5cm
41,35,12,1cm
42,35,12,1cm
43,35,12,3cm
44,35,12,7cm
45,35,12,1cm
46,35,12,9cm
47,35,12,7cm
48,35,12,5cm
49,35,12,7cm
50,35,12,7cm
1,36,12,9cm
2,36,12,3cm
3,36,12,9cm
4,36,12,5cm
5,36,12,7cm
6,36,12,3cm
7,36,12,3cm
8,36,12,5cm
9,36,12,5cm
10,36,12,9cm
11,36,12,7cm
12,36,12,9cm
13,36,12,9cm
14,36,12,5cm
15,36,12,7cm
16,36,12,5cm
17,36,12,1cm
18,36,12,1cm
19,36,12,7cm
20,36,12,7cm
21,36,12,5cm
22,36,12,3cm
23,36,12,5cm
24,36,12,1cm
25,36,12,1cm
26,36,12,9cm
27,36,12,7cm
28,36,12,5cm
29,36,12,5cm
30,36,12,9cm
31,36,12,7cm
32,36,12,1cm
33,36,12,1cm
34,36,12,3cm
35,36,12,7cm
36,36,12,5cm
37,36,12,9cm
38,36,12,3cm
39,36,12,5cm
40,36,12,1cm
41,36,12,3cm
42,36,12,5cm
43,36,12,3cm
44,36,12,5cm
45,36,12,3cm
46,36,12,3cm
47,36,12,3cm
48,36,12,1cm
49,36,12,5cm
50,36,12,1cm
