col,row,width_m,height_m,hex_color,length_m
1,1,0.015,0.015,#080504,0.03
2,1,0.015,0.015,#080504,0.03
3,1,0.015,0.015,#080504,0.03
4,1,0.015,0.015,#080504,0.03
5,1,0.015,0.015,#080504,0.07
6,1,0.015,0.015,#080504,0.05
7,1,0.015,0.015,#080504,0.07
8,1,0.015,0.015,#080504,0.03
9,1,0.015,0.015,#080504,0.09
10,1,0.015,0.015,#080504,0.07
11,1,0.015,0.015,#080504,0.05
12,1,0.015,0.015,#080504,0.07
13,1,0.015,0.015,#080504,0.09
14,1,0.015,0.015,#080504,0.09
15,1,0.015,0.015,#080504,0.07
16,1,0.015,0.015,#080504,0.09
17,1,0.015,0.015,#080504,0.09
18,1,0.015,0.015,#080504,0.05
19,1,0.015,0.015,#080504,0.01
20,1,0.015,0.015,#080504,0.03
21,1,0.015,0.015,#080504,0.01
22,1,0.015,0.015,#080504,0.03
23,1,0.015,0.015,#080504,0.05
24,1,0.015,0.015,#080504,0.07
25,1,0.015,0.015,#080504,0.07
26,1,0.015,0.015,#080504,0.09
27,1,0.015,0.015,#080504,0.03
28,1,0.015,0.015,#080504,0.03
29,1,0.015,0.015,#080504,0.03
30,1,0.015,0.015,#080504,0.07
31,1,0.015,0.015,#080504,0.05
32,1,0.015,0.015,#080504,0.01
33,1,0.015,0.015,#080504,0.05
34,1,0.015,0.015,#080504,0.05
35,1,0.015,0.015,#080504,0.05
36,1,0.015,0.015,#080504,0.03
37,1,0.015,0.015,#080504,0.01
38,1,0.015,0.015,#080504,0.01
39,1,0.015,0.015,#080504,0.03
40,1,0.015,0.015,#080504,0.03
41,1,0.015,0.015,#080504,0.01
42,1,0.015,0.015,#080504,0.01
43,1,0.015,0.015,#080504,0.07
44,1,0.015,0.015,#080504,0.07
45,1,0.015,0.015,#080504,0.09
46,1,0.015,0.015,#080504,0.05
47,1,0.015,0.015,#080504,0.01
48,1,0.015,0.015,#080504,0.09
49,1,0.015,0.015,#080504,0.01
50,1,0.015,0.015,#080504,0.03
1,2,0.015,0.015,#080504,0.09
2,2,0.015,0.015,#080504,0.09
3,2,0.015,0.015,#080504,0.01
4,2,0.015,0.015,#080504,0.01
5,2,0.015,0.015,#080504,0.09
6,2,0.015,0.015,#080504,0.05
7,2,0.015,0.015,#080504,0.07
8,2,0.015,0.015,#080504,0.07
9,2,0.015,0.015,#080504,0.01
10,2,0.015,0.015,#080504,0.03
11,2,0.015,0.015,#080504,0.03
12,2,0.015,0.015,#080504,0.05
13,2,0.015,0.015,#080504,0.01
14,2,0.015,0.015,#080504,0.01
15,2,0.015,0.015,#080504,0.01
16,2,0.015,0.015,#080504,0.05
17,2,0.015,0.015,#080504,0.01
18,2,0.015,0.015,#080504,0.07
19,2,0.015,0.015,#080504,0.03
20,2,0.015,0.015,#080504,0.09
21,2,0.015,0.015,#080504,0.05
22,2,0.015,0.015,#080504,0.05
23,2,0.015,0.015,#080504,0.03
24,2,0.015,0.015,#080504,0.01
25,2,0.015,0.015,#080504,0.09
26,2,0.015,0.015,#080504,0.05
27,2,0.015,0.015,#080504,0.01
28,2,0.015,0.015,#080504,0.09
29,2,0.015,0.015,#080504,0.03
30,2,0.015,0.015,#080504,0.05
31,2,0.015,0.015,#080504,0.07
32,2,0.015,0.015,#080504,0.01
33,2,0.015,0.015,#080504,0.01
34,2,0.015,0.015,#080504,0.09
35,2,0.015,0.015,#080504,0.01
36,2,0.015,0.015,#080504,0.01
37,2,0.015,0.015,#080504,0.09
38,2,0.015,0.015,#080504,0.05
39,2,0.015,0.015,#080504,0.03
40,2,0.015,0.015,#080504,0.01
41,2,0.015,0.015,#080504,0.07
42,2,0.015,0.015,#080504,0.07
43,2,0.015,0.015,#080504,0.05
44,2,0.015,0.015,#080504,0.05
45,2,0.015,0.015,#080504,0.05
46,2,0.015,0.015,#080504,0.05
47,2,0.015,0.015,#080504,0.03
48,2,0.015,0.015,#080504,0.05
49,2,0.015,0.015,#080504,0.05
50,2,0.015,0.015,#080504,0.03
1,3,0.015,0.015,#080504,0.05
2,3,0.015,0.015,#080504,0.05
3,3,0.015,0.015,#080504,0.05
4,3,0.015,0.015,#080504,0.09
5,3,0.015,0.015,#080504,0.01
6,3,0.015,0.015,#080504,0.09
7,3,0.015,0.015,#080504,0.09
8,3,0.015,0.015,#080504,0.01
9,3,0.015,0.015,#080504,0.05
10,3,0.015,0.015,#080504,0.01
11,3,0.015,0.015,#080504,0.01
12,3,0.015,0.015,#080504,0.05
13,3,0.015,0.015,#080504,0.05
14,3,0.015,0.015,#080504,0.05
15,3,0.015,0.015,#080504,0.05
16,3,0.015,0.015,#080504,0.07
17,3,0.015,0.015,#080504,0.03
18,3,0.015,0.015,#080504,0.03
19,3,0.015,0.015,#080504,0.03
20,3,0.015,0.015,#080504,0.03
21,3,0.015,0.015,#080504,0.01
22,3,0.015,0.015,#080504,0.05
23,3,0.015,0.015,#080504,0.01
24,3,0.015,0.015,#080504,0.01
25,3,0.015,0.015,#080504,0.03
26,3,0.015,0.015,#080504,0.09
27,3,0.015,0.015,#080504,0.03
28,3,0.015,0.015,#080504,0.03
29,3,0.015,0.015,#080504,0.09
30,3,0.015,0.015,#080504,0.09
31,3,0.015,0.015,#080504,0.03
32,3,0.015,0.015,#080504,0.03
33,3,0.015,0.015,#080504,0.09
34,3,0.015,0.015,#080504,0.09
35,3,0.015,0.015,#080504,0.07
36,3,0.015,0.015,#080504,0.01
37,3,0.015,0.015,#080504,0.09
38,3,0.015,0.015,#080504,0.01
39,3,0.015,0.015,#080504,0.03
40,3,0.015,0.015,#080504,0.01
41,3,0.015,0.015,#080504,0.09
42,3,0.015,0.015,#080504,0.07
43,3,0.015,0.015,#080504,0.01
44,3,0.015,0.015,#080504,0.03
45,3,0.015,0.015,#080504,0.01
46,3,0.015,0.015,#080504,0.03
47,3,0.015,0.015,#080504,0.07
48,3,0.015,0.015,#080504,0.07
49,3,0.015,0.015,#080504,0.01
50,3,0.015,0.015,#080504,0.09
1,4,0.015,0.015,#080504,0.07
2,4,0.015,0.015,#080504,0.09
3,4,0.015,0.015,#080504,0.01
4,4,0.015,0.015,#080504,0.07
5,4,0.015,0.015,#080504,0.01
6,4,0.015,0.015,#080504,0.09
7,4,0.015,0.015,#080504,0.01
8,4,0.015,0.015,#080504,0.07
9,4,0.015,0.015,#080504,0.03
10,4,0.015,0.015,#080504,0.05
11,4,0.015,0.015,#080504,0.07
12,4,0.015,0.015,#080504,0.05
13,4,0.015,0.015,#080504,0.09
14,4,0.015,0.015,#080504,0.09
15,4,0.015,0.015,#080504,0.05
16,4,0.015,0.015,#080504,0.05
17,4,0.015,0.015,#080504,0.05
18,4,0.015,0.015,#080504,0.07
19,4,0.015,0.015,#080504,0.01
20,4,0.015,0.015,#080504,0.03
21,4,0.015,0.015,#080504,0.09
22,4,0.015,0.015,#080504,0.07
23,4,0.015,0.015,#1B140D,0.03
24,4,0.015,0.015,#2B1D16,0.09
25,4,0.015,0.015,#2B1D16,0.03
26,4,0.015,0.015,#13110D,0.05
27,4,0.015,0.015,#13110D,0.09
28,4,0.015,0.015,#13110D,0.01
29,4,0.015,0.015,#13110D,0.05
30,4,0.015,0.015,#080504,0.09
31,4,0.015,0.015,#080504,0.05
32,4,0.015,0.015,#080504,0.09
33,4,0.015,0.015,#080504,0.07
34,4,0.015,0.015,#080504,0.07
35,4,0.015,0.015,#080504,0.09
36,4,0.015,0.015,#080504,0.09
37,4,0.015,0.015,#080504,0.03
38,4,0.015,0.015,#080504,0.07
39,4,0.015,0.015,#080504,0.03
40,4,0.015,0.015,#080504,0.07
41,4,0.015,0.015,#080504,0.01
42,4,0.015,0.015,#080504,0.01
43,4,0.015,0.015,#080504,0.09
44,4,0.015,0.015,#080504,0.09
45,4,0.015,0.015,#080504,0.09
46,4,0.015,0.015,#080504,0.05
47,4,0.015,0.015,#080504,0.05
48,4,0.015,0.015,#080504,0.07
49,4,0.015,0.015,#080504,0.07
50,4,0.015,0.015,#080504,0.07
1,5,0.015,0.015,#080504,0.09
2,5,0.015,0.015,#080504,0.09
3,5,0.015,0.015,#080504,0.01
4,5,0.015,0.015,#080504,0.07
5,5,0.015,0.015,#080504,0.09
6,5,0.015,0.015,#080504,0.07
7,5,0.015,0.015,#080504,0.07
8,5,0.015,0.015,#080504,0.03
9,5,0.015,0.015,#080504,0.03
10,5,0.015,0.015,#080504,0.09
11,5,0.015,0.015,#080504,0.03
12,5,0.015,0.015,#080504,0.07
13,5,0.015,0.015,#080504,0.07
14,5,0.015,0.015,#080504,0.07
15,5,0.015,0.015,#080504,0.09
16,5,0.015,0.015,#080504,0.07
17,5,0.015,0.015,#080504,0.03
18,5,0.015,0.015,#13110D,0.03
19,5,0.015,0.015,#1B140D,0.03
20,5,0.015,0.015,#1B140D,0.03
21,5,0.015,0.015,#1B140D,0.05
22,5,0.015,0.015,#40211B,0.03
23,5,0.015,0.015,#4E3028,0.09
24,5,0.015,0.015,#40211B,0.03
25,5,0.015,0.015,#4E3028,0.01
26,5,0.015,0.015,#40211B,0.09
27,5,0.015,0.015,#4E3028,0.03
28,5,0.015,0.015,#374534,0.09
29,5,0.015,0.015,#374534,0.05
30,5,0.015,0.015,#22342B,0.01
31,5,0.015,0.015,#2B1D16,0.05
32,5,0.015,0.015,#2B1D16,0.01
33,5,0.015,0.015,#2B1D16,0.05
34,5,0.015,0.015,#1B140D,0.03
35,5,0.015,0.015,#2B1D16,0.07
36,5,0.015,0.015,#2B1D16,0.07
37,5,0.015,0.015,#1B140D,0.07
38,5,0.015,0.015,#13110D,0.03
39,5,0.015,0.015,#080504,0.03
40,5,0.015,0.015,#080504,0.09
41,5,0.015,0.015,#13110D,0.05
42,5,0.015,0.015,#1B140D,0.05
43,5,0.015,0.015,#13110D,0.03
44,5,0.015,0.015,#13110D,0.03
45,5,0.015,0.015,#13110D,0.03
46,5,0.015,0.015,#13110D,0.09
47,5,0.015,0.015,#080504,0.03
48,5,0.015,0.015,#080504,0.07
49,5,0.015,0.015,#080504,0.09
50,5,0.015,0.015,#080504,0.03
1,6,0.015,0.015,#080504,0.03
2,6,0.015,0.015,#080504,0.07
3,6,0.015,0.015,#080504,0.07
4,6,0.015,0.015,#080504,0.07
5,6,0.015,0.015,#080504,0.07
6,6,0.015,0.015,#080504,0.07
7,6,0.015,0.015,#080504,0.07
8,6,0.015,0.015,#080504,0.07
9,6,0.015,0.015,#080504,0.05
10,6,0.015,0.015,#080504,0.09
11,6,0.015,0.015,#080504,0.01
12,6,0.015,0.015,#080504,0.03
13,6,0.015,0.015,#080504,0.07
14,6,0.015,0.015,#080504,0.01
15,6,0.015,0.015,#080504,0.07
16,6,0.015,0.015,#13110D,0.07
17,6,0.015,0.015,#22342B,0.01
18,6,0.015,0.015,#2B1D16,0.05
19,6,0.015,0.015,#2B1D16,0.01
20,6,0.015,0.015,#40211B,0.01
21,6,0.015,0.015,#22342B,0.05
22,6,0.015,0.015,#374534,0.09
23,6,0.015,0.015,#4E3028,0.09
24,6,0.015,0.015,#4E3028,0.09
25,6,0.015,0.015,#4E3028,0.07
26,6,0.015,0.015,#643735,0.03
27,6,0.015,0.015,#643735,0.07
28,6,0.015,0.015,#716155,0.03
29,6,0.015,0.015,#5A684C,0.01
30,6,0.015,0.015,#5A684C,0.01
31,6,0.015,0.015,#5A684C,0.01
32,6,0.015,0.015,#5A684C,0.03
33,6,0.015,0.015,#5A502E,0.01
34,6,0.015,0.015,#40211B,0.05
35,6,0.015,0.015,#2B1D16,0.07
36,6,0.015,0.015,#1B140D,0.01
37,6,0.015,0.015,#2B1D16,0.09
38,6,0.015,0.015,#40211B,0.09
39,6,0.015,0.015,#2B1D16,0.07
40,6,0.015,0.015,#2B1D16,0.07
41,6,0.015,0.015,#2B1D16,0.01
42,6,0.015,0.015,#2B1D16,0.09
43,6,0.015,0.015,#2B1D16,0.07
44,6,0.015,0.015,#1B140D,0.05
45,6,0.015,0.015,#2B1D16,0.03
46,6,0.015,0.015,#13110D,0.09
47,6,0.015,0.015,#080504,0.09
48,6,0.015,0.015,#080504,0.01
49,6,0.015,0.015,#080504,0.01
50,6,0.015,0.015,#080504,0.05
1,7,0.015,0.015,#080504,0.07
2,7,0.015,0.015,#080504,0.07
3,7,0.015,0.015,#080504,0.05
4,7,0.015,0.015,#080504,0.03
5,7,0.015,0.015,#080504,0.03
6,7,0.015,0.015,#080504,0.01
7,7,0.015,0.015,#080504,0.09
8,7,0.015,0.015,#080504,0.05
9,7,0.015,0.015,#080504,0.09
10,7,0.015,0.015,#080504,0.09
11,7,0.015,0.015,#080504,0.09
12,7,0.015,0.015,#080504,0.03
13,7,0.015,0.015,#080504,0.03
14,7,0.015,0.015,#13110D,0.03
15,7,0.015,0.015,#22342B,0.03
16,7,0.015,0.015,#22342B,0.07
17,7,0.015,0.015,#2B1D16,0.03
18,7,0.015,0.015,#1B140D,0.03
19,7,0.015,0.015,#1B140D,0.03
20,7,0.015,0.015,#2B1D16,0.05
21,7,0.015,0.015,#22342B,0.07
22,7,0.015,0.015,#22342B,0.01
23,7,0.015,0.015,#4E3028,0.01
24,7,0.015,0.015,#4E3028,0.01
25,7,0.015,0.015,#371A08,0.09
26,7,0.015,0.015,#4E3028,0.01
27,7,0.015,0.015,#4E3028,0.01
28,7,0.015,0.015,#4E3028,0.03
29,7,0.015,0.015,#716155,0.03
30,7,0.015,0.015,#716155,0.03
31,7,0.015,0.015,#5A502E,0.03
32,7,0.015,0.015,#716155,0.05
33,7,0.015,0.015,#5A684C,0.07
34,7,0.015,0.015,#716155,0.07
35,7,0.015,0.015,#4E3028,0.03
36,7,0.015,0.015,#4E3028,0.03
37,7,0.015,0.015,#40211B,0.07
38,7,0.015,0.015,#5A502E,0.03
39,7,0.015,0.015,#5A502E,0.01
40,7,0.015,0.015,#2B1D16,0.01
41,7,0.015,0.015,#2B1D16,0.07
42,7,0.015,0.015,#1B140D,0.05
43,7,0.015,0.015,#2B1D16,0.03
44,7,0.015,0.015,#2B1D16,0.03
45,7,0.015,0.015,#1B140D,0.01
46,7,0.015,0.015,#13110D,0.01
47,7,0.015,0.015,#080504,0.07
48,7,0.015,0.015,#080504,0.03
49,7,0.015,0.015,#080504,0.01
50,7,0.015,0.015,#080504,0.05
1,8,0.015,0.015,#080504,0.09
2,8,0.015,0.015,#080504,0.01
3,8,0.015,0.015,#080504,0.01
4,8,0.015,0.015,#080504,0.01
5,8,0.015,0.015,#080504,0.03
6,8,0.015,0.015,#080504,0.01
7,8,0.015,0.015,#080504,0.01
8,8,0.015,0.015,#080504,0.09
9,8,0.015,0.015,#080504,0.01
10,8,0.015,0.015,#080504,0.07
11,8,0.015,0.015,#080504,0.01
12,8,0.015,0.015,#080504,0.07
13,8,0.015,0.015,#13110D,0.05
14,8,0.015,0.015,#1B140D,0.05
15,8,0.015,0.015,#10241E,0.01
16,8,0.015,0.015,#10241E,0.05
17,8,0.015,0.015,#1B140D,0.05
18,8,0.015,0.015,#1B140D,0.05
19,8,0.015,0.015,#2B1D16,0.01
20,8,0.015,0.015,#2B1D16,0.05
21,8,0.015,0.015,#40211B,0.01
22,8,0.015,0.015,#4E3028,0.05
23,8,0.015,0.015,#4E3028,0.07
24,8,0.015,0.015,#40211B,0.05
25,8,0.015,0.015,#4E3028,0.07
26,8,0.015,0.015,#4E3028,0.09
27,8,0.015,0.015,#40211B,0.09
28,8,0.015,0.015,#4E3028,0.03
29,8,0.015,0.015,#40211B,0.01
30,8,0.015,0.015,#4E3028,0.01
31,8,0.015,0.015,#716155,0.03
32,8,0.015,0.015,#5A502E,0.03
33,8,0.015,0.015,#40211B,0.03
34,8,0.015,0.015,#4E3028,0.09
35,8,0.015,0.015,#716155,0.07
36,8,0.015,0.015,#716155,0.07
37,8,0.015,0.015,#4E3028,0.05
38,8,0.015,0.015,#40211B,0.05
39,8,0.015,0.015,#40211B,0.03
40,8,0.015,0.015,#4E3028,0.05
41,8,0.015,0.015,#40211B,0.07
42,8,0.015,0.015,#22342B,0.03
43,8,0.015,0.015,#22342B,0.01
44,8,0.015,0.015,#2B1D16,0.07
45,8,0.015,0.015,#2B1D16,0.09
46,8,0.015,0.015,#1B140D,0.05
47,8,0.015,0.015,#080504,0.09
48,8,0.015,0.015,#080504,0.01
49,8,0.015,0.015,#080504,0.05
50,8,0.015,0.015,#080504,0.09
1,9,0.015,0.015,#080504,0.01
2,9,0.015,0.015,#080504,0.01
3,9,0.015,0.015,#080504,0.07
4,9,0.015,0.015,#080504,0.05
5,9,0.015,0.015,#080504,0.03
6,9,0.015,0.015,#080504,0.09
7,9,0.015,0.015,#080504,0.01
8,9,0.015,0.015,#080504,0.01
9,9,0.015,0.015,#080504,0.05
10,9,0.015,0.015,#080504,0.05
11,9,0.015,0.015,#080504,0.01
12,9,0.015,0.015,#13110D,0.03
13,9,0.015,0.015,#13110D,0.03
14,9,0.015,0.015,#1B140D,0.05
15,9,0.015,0.015,#2B1D16,0.09
16,9,0.015,0.015,#40211B,0.09
17,9,0.015,0.015,#4E3028,0.05
18,9,0.015,0.015,#4E3028,0.05
19,9,0.015,0.015,#4E3028,0.07
20,9,0.015,0.015,#4E3028,0.09
21,9,0.015,0.015,#4E3028,0.05
22,9,0.015,0.015,#4E3028,0.09
23,9,0.015,0.015,#40211B,0.09
24,9,0.015,0.015,#40211B,0.07
25,9,0.015,0.015,#40211B,0.07
26,9,0.015,0.015,#40211B,0.01
27,9,0.015,0.015,#4E3028,0.03
28,9,0.015,0.015,#4E3028,0.05
29,9,0.015,0.015,#40211B,0.05
30,9,0.015,0.015,#4E3028,0.05
31,9,0.015,0.015,#40211B,0.05
32,9,0.015,0.015,#40211B,0.09
33,9,0.015,0.015,#4E3028,0.03
34,9,0.015,0.015,#4E3028,0.07
35,9,0.015,0.015,#4E3028,0.03
36,9,0.015,0.015,#4E3028,0.07
37,9,0.015,0.015,#5A502E,0.09
38,9,0.015,0.015,#716155,0.03
39,9,0.015,0.015,#716155,0.01
40,9,0.015,0.015,#5A502E,0.07
41,9,0.015,0.015,#4E3028,0.01
42,9,0.015,0.015,#40211B,0.05
43,9,0.015,0.015,#4E3028,0.03
44,9,0.015,0.015,#3A1D2D,0.01
45,9,0.015,0.015,#2B1D16,0.09
46,9,0.015,0.015,#2B1D16,0.07
47,9,0.015,0.015,#080504,0.09
48,9,0.015,0.015,#080504,0.01
49,9,0.015,0.015,#080504,0.03
50,9,0.015,0.015,#080504,0.03
1,10,0.015,0.015,#080504,0.09
2,10,0.015,0.015,#080504,0.09
3,10,0.015,0.015,#080504,0.09
4,10,0.015,0.015,#080504,0.03
5,10,0.015,0.015,#080504,0.03
6,10,0.015,0.015,#080504,0.01
7,10,0.015,0.015,#080504,0.09
8,10,0.015,0.015,#080504,0.09
9,10,0.015,0.015,#1B140D,0.07
10,10,0.015,0.015,#2B1D16,0.07
11,10,0.015,0.015,#080504,0.07
12,10,0.015,0.015,#1B140D,0.01
13,10,0.015,0.015,#2B1D16,0.07
14,10,0.015,0.015,#2B1D16,0.05
15,10,0.015,0.015,#2B1D16,0.05
16,10,0.015,0.015,#2B1D16,0.07
17,10,0.015,0.015,#2B1D16,0.07
18,10,0.015,0.015,#2B1D16,0.05
19,10,0.015,0.015,#1B140D,0.05
20,10,0.015,0.015,#2B1D16,0.05
21,10,0.015,0.015,#2B1D16,0.05
22,10,0.015,0.015,#1B140D,0.09
23,10,0.015,0.015,#13110D,0.09
24,10,0.015,0.015,#080504,0.09
25,10,0.015,0.015,#13110D,0.03
26,10,0.015,0.015,#1B140D,0.05
27,10,0.015,0.015,#1B140D,0.01
28,10,0.015,0.015,#1B140D,0.03
29,10,0.015,0.015,#1B140D,0.09
30,10,0.015,0.015,#1B140D,0.01
31,10,0.015,0.015,#2B1D16,0.05
32,10,0.015,0.015,#40211B,0.05
33,10,0.015,0.015,#40211B,0.01
34,10,0.015,0.015,#4E3028,0.03
35,10,0.015,0.015,#4E3028,0.01
36,10,0.015,0.015,#664918,0.01
37,10,0.015,0.015,#664918,0.09
38,10,0.015,0.015,#897444,0.05
39,10,0.015,0.015,#766739,0.05
40,10,0.015,0.015,#766739,0.01
41,10,0.015,0.015,#5A502E,0.09
42,10,0.015,0.015,#5A502E,0.03
43,10,0.015,0.015,#40211B,0.05
44,10,0.015,0.015,#2B1D16,0.03
45,10,0.015,0.015,#2B1D16,0.01
46,10,0.015,0.015,#2B1D16,0.01
47,10,0.015,0.015,#080504,0.07
48,10,0.015,0.015,#080504,0.03
49,10,0.015,0.015,#080504,0.01
50,10,0.015,0.015,#080504,0.09
1,11,0.015,0.015,#080504,0.09
2,11,0.015,0.015,#080504,0.07
3,11,0.015,0.015,#080504,0.01
4,11,0.015,0.015,#080504,0.05
5,11,0.015,0.015,#080504,0.09
6,11,0.015,0.015,#080504,0.09
7,11,0.015,0.015,#080504,0.01
8,11,0.015,0.015,#080504,0.05
9,11,0.015,0.015,#22342B,0.09
10,11,0.015,0.015,#1B140D,0.03
11,11,0.015,0.015,#2B1D16,0.03
12,11,0.015,0.015,#2B1D16,0.05
13,11,0.015,0.015,#1B140D,0.05
14,11,0.015,0.015,#2B1D16,0.01
15,11,0.015,0.015,#2B1D16,0.07
16,11,0.015,0.015,#1B140D,0.03
17,11,0.015,0.015,#1B140D,0.09
18,11,0.015,0.015,#080504,0.09
19,11,0.015,0.015,#13110D,0.03
20,11,0.015,0.015,#13110D,0.03
21,11,0.015,0.015,#080504,0.03
22,11,0.015,0.015,#13110D,0.07
23,11,0.015,0.015,#080504,0.05
24,11,0.015,0.015,#080504,0.03
25,11,0.015,0.015,#080504,0.05
26,11,0.015,0.015,#13110D,0.01
27,11,0.015,0.015,#080504,0.05
28,11,0.015,0.015,#080504,0.07
29,11,0.015,0.015,#080504,0.07
30,11,0.015,0.015,#080504,0.07
31,11,0.015,0.015,#13110D,0.03
32,11,0.015,0.015,#1B140D,0.09
33,11,0.015,0.015,#2B1D16,0.07
34,11,0.015,0.015,#40211B,0.07
35,11,0.015,0.015,#40211B,0.07
36,11,0.015,0.015,#40211B,0.03
37,11,0.015,0.015,#4D360A,0.09
38,11,0.015,0.015,#664918,0.01
39,11,0.015,0.015,#7F4E20,0.07
40,11,0.015,0.015,#7F4E20,0.07
41,11,0.015,0.015,#7E3021,0.05
42,11,0.015,0.015,#4D360A,0.07
43,11,0.015,0.015,#4E3028,0.01
44,11,0.015,0.015,#40211B,0.07
45,11,0.015,0.015,#4E3028,0.03
46,11,0.015,0.015,#2B1D16,0.03
47,11,0.015,0.015,#080504,0.07
48,11,0.015,0.015,#080504,0.03
49,11,0.015,0.015,#080504,0.05
50,11,0.015,0.015,#080504,0.09
1,12,0.015,0.015,#080504,0.07
2,12,0.015,0.015,#080504,0.07
3,12,0.015,0.015,#080504,0.09
4,12,0.015,0.015,#080504,0.03
5,12,0.015,0.015,#080504,0.01
6,12,0.015,0.015,#080504,0.07
7,12,0.015,0.015,#080504,0.05
8,12,0.015,0.015,#2B1D16,0.03
9,12,0.015,0.015,#1B140D,0.03
10,12,0.015,0.015,#1B140D,0.03
11,12,0.015,0.015,#2B1D16,0.07
12,12,0.015,0.015,#2B1D16,0.07
13,12,0.015,0.015,#2B1D16,0.09
14,12,0.015,0.015,#1B140D,0.07
15,12,0.015,0.015,#13110D,0.01
16,12,0.015,0.015,#1B140D,0.03
17,12,0.015,0.015,#080504,0.01
18,12,0.015,0.015,#080504,0.07
19,12,0.015,0.015,#080504,0.07
20,12,0.015,0.015,#13110D,0.07
21,12,0.015,0.015,#080504,0.03
22,12,0.015,0.015,#080504,0.07
23,12,0.015,0.015,#1B140D,0.07
24,12,0.015,0.015,#1B140D,0.01
25,12,0.015,0.015,#1B140D,0.07
26,12,0.015,0.015,#1B140D,0.05
27,12,0.015,0.015,#1B140D,0.01
28,12,0.015,0.015,#1B140D,0.09
29,12,0.015,0.015,#080504,0.09
30,12,0.015,0.015,#080504,0.03
31,12,0.015,0.015,#080504,0.07
32,12,0.015,0.015,#13110D,0.03
33,12,0.015,0.015,#13110D,0.03
34,12,0.015,0.015,#080504,0.03
35,12,0.015,0.015,#1B140D,0.01
36,12,0.015,0.015,#40211B,0.09
37,12,0.015,0.015,#40211B,0.01
38,12,0.015,0.015,#330E09,0.09
39,12,0.015,0.015,#4D360A,0.05
40,12,0.015,0.015,#664918,0.09
41,12,0.015,0.015,#664918,0.09
42,12,0.015,0.015,#664918,0.05
43,12,0.015,0.015,#4D360A,0.05
44,12,0.015,0.015,#4D360A,0.03
45,12,0.015,0.015,#4E3028,0.01
46,12,0.015,0.015,#2B1D16,0.07
47,12,0.015,0.015,#080504,0.07
48,12,0.015,0.015,#080504,0.03
49,12,0.015,0.015,#080504,0.07
50,12,0.015,0.015,#080504,0.05
1,13,0.015,0.015,#080504,0.05
2,13,0.015,0.015,#080504,0.05
3,13,0.015,0.015,#080504,0.03
4,13,0.015,0.015,#080504,0.03
5,13,0.015,0.015,#080504,0.07
6,13,0.015,0.015,#080504,0.09
7,13,0.015,0.015,#1B140D,0.05
8,13,0.015,0.015,#13110D,0.03
9,13,0.015,0.015,#1B140D,0.01
10,13,0.015,0.015,#2B1D16,0.05
11,13,0.015,0.015,#1B140D,0.05
12,13,0.015,0.015,#2B1D16,0.09
13,13,0.015,0.015,#1B140D,0.05
14,13,0.015,0.015,#080504,0.07
15,13,0.015,0.015,#010B0B,0.09
16,13,0.015,0.015,#13110D,0.01
17,13,0.015,0.015,#010B0B,0.07
18,13,0.015,0.015,#13110D,0.01
19,13,0.015,0.015,#080504,0.05
20,13,0.015,0.015,#1B140D,0.03
21,13,0.015,0.015,#1B140D,0.07
22,13,0.015,0.015,#1B140D,0.01
23,13,0.015,0.015,#371A08,0.07
24,13,0.015,0.015,#2B1D16,0.07
25,13,0.015,0.015,#5A684C,0.03
26,13,0.015,0.015,#5A684C,0.03
27,13,0.015,0.015,#697866,0.01
28,13,0.015,0.015,#697866,0.03
29,13,0.015,0.015,#5A684C,0.03
30,13,0.015,0.015,#2B1D16,0.09
31,13,0.015,0.015,#080504,0.01
32,13,0.015,0.015,#080504,0.05
33,13,0.015,0.015,#080504,0.03
34,13,0.015,0.015,#080504,0.03
35,13,0.015,0.015,#13110D,0.09
36,13,0.015,0.015,#1B140D,0.01
37,13,0.015,0.015,#2B1D16,0.09
38,13,0.015,0.015,#40211B,0.05
39,13,0.015,0.015,#40211B,0.01
40,13,0.015,0.015,#4E3028,0.09
41,13,0.015,0.015,#766739,0.09
42,13,0.015,0.015,#664918,0.07
43,13,0.015,0.015,#5A502E,0.07
44,13,0.015,0.015,#4E3028,0.09
45,13,0.015,0.015,#4E3028,0.03
46,13,0.015,0.015,#2B1D16,0.09
47,13,0.015,0.015,#080504,0.09
48,13,0.015,0.015,#080504,0.05
49,13,0.015,0.015,#080504,0.03
50,13,0.015,0.015,#080504,0.05
1,14,0.015,0.015,#080504,0.03
2,14,0.015,0.015,#080504,0.05
3,14,0.015,0.015,#080504,0.01
4,14,0.015,0.015,#080504,0.03
5,14,0.015,0.015,#080504,0.07
6,14,0.015,0.015,#13110D,0.09
7,14,0.015,0.015,#080504,0.07
8,14,0.015,0.015,#13110D,0.03
9,14,0.015,0.015,#2B1D16,0.03
10,14,0.015,0.015,#1B140D,0.07
11,14,0.015,0.015,#2B1D16,0.01
12,14,0.015,0.015,#2B1D16,0.05
13,14,0.015,0.015,#13110D,0.05
14,14,0.015,0.015,#010B0B,0.07
15,14,0.015,0.015,#010B0B,0.03
16,14,0.015,0.015,#061624,0.03
17,14,0.015,0.015,#061624,0.05
18,14,0.015,0.015,#13110D,0.01
19,14,0.015,0.015,#080504,0.01
20,14,0.015,0.015,#330E09,0.07
21,14,0.015,0.015,#371A08,0.07
22,14,0.015,0.015,#40211B,0.01
23,14,0.015,0.015,#1B140D,0.05
24,14,0.015,0.015,#13110D,0.05
25,14,0.015,0.015,#4A705E,0.09
26,14,0.015,0.015,#4A705E,0.05
27,14,0.015,0.015,#4A705E,0.09
28,14,0.015,0.015,#697866,0.07
29,14,0.015,0.015,#878172,0.09
30,14,0.015,0.015,#697866,0.09
31,14,0.015,0.015,#3A1D2D,0.09
32,14,0.015,0.015,#080504,0.05
33,14,0.015,0.015,#010B0B,0.05
34,14,0.015,0.015,#010B0B,0.03
35,14,0.015,0.015,#13110D,0.09
36,14,0.015,0.015,#1B140D,0.09
37,14,0.015,0.015,#13110D,0.09
38,14,0.015,0.015,#2B1D16,0.01
39,14,0.015,0.015,#4E3028,0.01
40,14,0.015,0.015,#40211B,0.05
41,14,0.015,0.015,#40211B,0.03
42,14,0.015,0.015,#664918,0.09
43,14,0.015,0.015,#4E3028,0.07
44,14,0.015,0.015,#4E3028,0.03
45,14,0.015,0.015,#4E3028,0.05
46,14,0.015,0.015,#40211B,0.01
47,14,0.015,0.015,#080504,0.09
48,14,0.015,0.015,#080504,0.09
49,14,0.015,0.015,#080504,0.01
50,14,0.015,0.015,#080504,0.07
1,15,0.015,0.015,#080504,0.07
2,15,0.015,0.015,#080504,0.07
3,15,0.015,0.015,#080504,0.05
4,15,0.015,0.015,#010B0B,0.09
5,15,0.015,0.015,#13110D,0.03
6,15,0.015,0.015,#13110D,0.01
7,15,0.015,0.015,#1B140D,0.05
8,15,0.015,0.015,#2B1D16,0.03
9,15,0.015,0.015,#1B140D,0.03
10,15,0.015,0.015,#2B1D16,0.07
11,15,0.015,0.015,#13110D,0.01
12,15,0.015,0.015,#1B140D,0.01
13,15,0.015,0.015,#010B0B,0.09
14,15,0.015,0.015,#010B0B,0.03
15,15,0.015,0.015,#061624,0.07
16,15,0.015,0.015,#061624,0.05
17,15,0.015,0.015,#10241E,0.05
18,15,0.015,0.015,#1B140D,0.05
19,15,0.015,0.015,#330E09,0.07
20,15,0.015,0.015,#4D360A,0.09
21,15,0.015,0.015,#664918,0.05
22,15,0.015,0.015,#2B1D16,0.05
23,15,0.015,0.015,#13110D,0.01
24,15,0.015,0.015,#080504,0.09
25,15,0.015,0.015,#314E3F,0.05
26,15,0.015,0.015,#26535D,0.03
27,15,0.015,0.015,#4A705E,0.03
28,15,0.015,0.015,#697866,0.03
29,15,0.015,0.015,#878172,0.09
30,15,0.015,0.015,#878172,0.07
31,15,0.015,0.015,#716155,0.05
32,15,0.015,0.015,#1B140D,0.07
33,15,0.015,0.015,#13110D,0.05
34,15,0.015,0.015,#10241E,0.01
35,15,0.015,0.015,#10241E,0.07
36,15,0.015,0.015,#080504,0.07
37,15,0.015,0.015,#2B1D16,0.03
38,15,0.015,0.015,#080504,0.05
39,15,0.015,0.015,#2B1D16,0.09
40,15,0.015,0.015,#40211B,0.07
41,15,0.015,0.015,#643735,0.03
42,15,0.015,0.015,#40211B,0.01
43,15,0.015,0.015,#4E3028,0.03
44,15,0.015,0.015,#4E3028,0.09
45,15,0.015,0.015,#371A08,0.09
46,15,0.015,0.015,#40211B,0.05
47,15,0.015,0.015,#080504,0.03
48,15,0.015,0.015,#080504,0.05
49,15,0.015,0.015,#080504,0.05
50,15,0.015,0.015,#080504,0.05
1,16,0.015,0.015,#080504,0.05
2,16,0.015,0.015,#080504,0.03
3,16,0.015,0.015,#080504,0.01
4,16,0.015,0.015,#13110D,0.07
5,16,0.015,0.015,#080504,0.05
6,16,0.015,0.015,#13110D,0.05
7,16,0.015,0.015,#2B1D16,0.09
8,16,0.015,0.015,#1B140D,0.05
9,16,0.015,0.015,#1B140D,0.07
10,16,0.015,0.015,#13110D,0.05
11,16,0.015,0.015,#13110D,0.03
12,16,0.015,0.015,#080504,0.07
13,16,0.015,0.015,#061624,0.09
14,16,0.015,0.015,#061624,0.07
15,16,0.015,0.015,#10241E,0.03
16,16,0.015,0.015,#09312F,0.05
17,16,0.015,0.015,#2B1D16,0.05
18,16,0.015,0.015,#080504,0.09
19,16,0.015,0.015,#1B140D,0.05
20,16,0.015,0.015,#40211B,0.03
21,16,0.015,0.015,#40211B,0.07
22,16,0.015,0.015,#13110D,0.05
23,16,0.015,0.015,#080504,0.09
24,16,0.015,0.015,#080504,0.03
25,16,0.015,0.015,#13110D,0.03
26,16,0.015,0.015,#22342B,0.03
27,16,0.015,0.015,#374534,0.05
28,16,0.015,0.015,#4A705E,0.05
29,16,0.015,0.015,#697866,0.05
30,16,0.015,0.015,#878172,0.05
31,16,0.015,0.015,#643735,0.01
32,16,0.015,0.015,#330E09,0.07
33,16,0.015,0.015,#2B1D16,0.07
34,16,0.015,0.015,#22342B,0.09
35,16,0.015,0.015,#10241E,0.05
36,16,0.015,0.015,#061624,0.05
37,16,0.015,0.015,#13110D,0.07
38,16,0.015,0.015,#1B140D,0.09
39,16,0.015,0.015,#13110D,0.05
40,16,0.015,0.015,#2B1D16,0.07
41,16,0.015,0.015,#40211B,0.09
42,16,0.015,0.015,#7E4541,0.03
43,16,0.015,0.015,#4E3028,0.07
44,16,0.015,0.015,#643735,0.05
45,16,0.015,0.015,#40211B,0.05
46,16,0.015,0.015,#2B1D16,0.07
47,16,0.015,0.015,#080504,0.05
48,16,0.015,0.015,#080504,0.07
49,16,0.015,0.015,#080504,0.07
50,16,0.015,0.015,#080504,0.03
1,17,0.015,0.015,#080504,0.01
2,17,0.015,0.015,#080504,0.01
3,17,0.015,0.015,#080504,0.01
4,17,0.015,0.015,#080504,0.01
5,17,0.015,0.015,#080504,0.03
6,17,0.015,0.015,#1B140D,0.05
7,17,0.015,0.015,#1B140D,0.05
8,17,0.015,0.015,#13110D,0.03
9,17,0.015,0.015,#13110D,0.09
10,17,0.015,0.015,#13110D,0.07
11,17,0.015,0.015,#010B0B,0.01
12,17,0.015,0.015,#061624,0.09
13,17,0.015,0.015,#061624,0.09
14,17,0.015,0.015,#061624,0.07
15,17,0.015,0.015,#314E3F,0.09
16,17,0.015,0.015,#124732,0.09
17,17,0.015,0.015,#2B1D16,0.09
18,17,0.015,0.015,#371A08,0.09
19,17,0.015,0.015,#4D360A,0.03
20,17,0.015,0.015,#5A502E,0.03
21,17,0.015,0.015,#40211B,0.09
22,17,0.015,0.015,#1B140D,0.05
23,17,0.015,0.015,#080504,0.09
24,17,0.015,0.015,#080504,0.03
25,17,0.015,0.015,#080504,0.07
26,17,0.015,0.015,#080504,0.03
27,17,0.015,0.015,#010B0B,0.03
28,17,0.015,0.015,#22342B,0.01
29,17,0.015,0.015,#40211B,0.03
30,17,0.015,0.015,#4E3028,0.09
31,17,0.015,0.015,#40211B,0.01
32,17,0.015,0.015,#330E09,0.01
33,17,0.015,0.015,#2B1D16,0.05
34,17,0.015,0.015,#374534,0.07
35,17,0.015,0.015,#09312F,0.03
36,17,0.015,0.015,#09312F,0.07
37,17,0.015,0.015,#124732,0.05
38,17,0.015,0.015,#010B0B,0.01
39,17,0.015,0.015,#1B140D,0.05
40,17,0.015,0.015,#13110D,0.09
41,17,0.015,0.015,#22342B,0.03
42,17,0.015,0.015,#2B1D16,0.03
43,17,0.015,0.015,#643735,0.01
44,17,0.015,0.015,#643735,0.07
45,17,0.015,0.015,#40211B,0.03
46,17,0.015,0.015,#40211B,0.05
47,17,0.015,0.015,#080504,0.07
48,17,0.015,0.015,#080504,0.09
49,17,0.015,0.015,#080504,0.07
50,17,0.015,0.015,#080504,0.07
1,18,0.015,0.015,#080504,0.05
2,18,0.015,0.015,#080504,0.01
3,18,0.015,0.015,#080504,0.05
4,18,0.015,0.015,#080504,0.09
5,18,0.015,0.015,#1B140D,0.07
6,18,0.015,0.015,#1B140D,0.01
7,18,0.015,0.015,#1B140D,0.01
8,18,0.015,0.015,#080504,0.09
9,18,0.015,0.015,#010B0B,0.09
10,18,0.015,0.015,#010B0B,0.05
11,18,0.015,0.015,#061624,0.07
12,18,0.015,0.015,#09312F,0.05
13,18,0.015,0.015,#09312F,0.05
14,18,0.015,0.015,#314E3F,0.09
15,18,0.015,0.015,#26535D,0.07
16,18,0.015,0.015,#314E3F,0.09
17,18,0.015,0.015,#2B1D16,0.03
18,18,0.015,0.015,#40211B,0.03
19,18,0.015,0.015,#4D360A,0.07
20,18,0.015,0.015,#5A502E,0.07
21,18,0.015,0.015,#40211B,0.09
22,18,0.015,0.015,#2B1D16,0.01
23,18,0.015,0.015,#080504,0.09
24,18,0.015,0.015,#080504,0.03
25,18,0.015,0.015,#080504,0.03
26,18,0.015,0.015,#080504,0.05
27,18,0.015,0.015,#080504,0.07
28,18,0.015,0.015,#2B1D16,0.09
29,18,0.015,0.015,#40211B,0.09
30,18,0.015,0.015,#664918,0.05
31,18,0.015,0.015,#40211B,0.07
32,18,0.015,0.015,#40211B,0.03
33,18,0.015,0.015,#2B1D16,0.03
34,18,0.015,0.015,#314E3F,0.01
35,18,0.015,0.015,#26535D,0.07
36,18,0.015,0.015,#09312F,0.09
37,18,0.015,0.015,#314E3F,0.05
38,18,0.015,0.015,#061624,0.01
39,18,0.015,0.015,#080504,0.09
40,18,0.015,0.015,#1B140D,0.03
41,18,0.015,0.015,#080504,0.01
42,18,0.015,0.015,#2B1D16,0.09
43,18,0.015,0.015,#40211B,0.01
44,18,0.015,0.015,#40211B,0.09
45,18,0.015,0.015,#371A08,0.01
46,18,0.015,0.015,#2B1D16,0.01
47,18,0.015,0.015,#080504,0.01
48,18,0.015,0.015,#080504,0.03
49,18,0.015,0.015,#080504,0.09
50,18,0.015,0.015,#080504,0.03
1,19,0.015,0.015,#080504,0.01
2,19,0.015,0.015,#080504,0.01
3,19,0.015,0.015,#080504,0.01
4,19,0.015,0.015,#1B140D,0.01
5,19,0.015,0.015,#1B140D,0.07
6,19,0.015,0.015,#13110D,0.09
7,19,0.015,0.015,#13110D,0.07
8,19,0.015,0.015,#080504,0.01
9,19,0.015,0.015,#010B0B,0.05
10,19,0.015,0.015,#061624,0.07
11,19,0.015,0.015,#09312F,0.09
12,19,0.015,0.015,#124732,0.07
13,19,0.015,0.015,#26535D,0.05
14,19,0.015,0.015,#314E3F,0.05
15,19,0.015,0.015,#26535D,0.07
16,19,0.015,0.015,#26535D,0.05
17,19,0.015,0.015,#2B1D16,0.05
18,19,0.015,0.015,#4D360A,0.09
19,19,0.015,0.015,#664918,0.03
20,19,0.015,0.015,#7F4E20,0.01
21,19,0.015,0.015,#664918,0.03
22,19,0.015,0.015,#2B1D16,0.01
23,19,0.015,0.015,#1B140D,0.09
24,19,0.015,0.015,#080504,0.07
25,19,0.015,0.015,#080504,0.07
26,19,0.015,0.015,#080504,0.05
27,19,0.015,0.015,#1B140D,0.01
28,19,0.015,0.015,#2B1D16,0.01
29,19,0.015,0.015,#664918,0.01
30,19,0.015,0.015,#7F4E20,0.07
31,19,0.015,0.015,#4D360A,0.09
32,19,0.015,0.015,#330E09,0.03
33,19,0.015,0.015,#22342B,0.09
34,19,0.015,0.015,#26535D,0.09
35,19,0.015,0.015,#26535D,0.09
36,19,0.015,0.015,#09312F,0.01
37,19,0.015,0.015,#314E3F,0.03
38,19,0.015,0.015,#10241E,0.03
39,19,0.015,0.015,#010B0B,0.01
40,19,0.015,0.015,#080504,0.01
41,19,0.015,0.015,#13110D,0.03
42,19,0.015,0.015,#080504,0.03
43,19,0.015,0.015,#1B140D,0.07
44,19,0.015,0.015,#4E3028,0.07
45,19,0.015,0.015,#330E09,0.05
46,19,0.015,0.015,#1B140D,0.09
47,19,0.015,0.015,#13110D,0.03
48,19,0.015,0.015,#080504,0.05
49,19,0.015,0.015,#080504,0.03
50,19,0.015,0.015,#080504,0.01
1,20,0.015,0.015,#080504,0.05
2,20,0.015,0.015,#080504,0.05
3,20,0.015,0.015,#080504,0.03
4,20,0.015,0.015,#1B140D,0.03
5,20,0.015,0.015,#080504,0.05
6,20,0.015,0.015,#13110D,0.09
7,20,0.015,0.015,#080504,0.07
8,20,0.015,0.015,#010B0B,0.07
9,20,0.015,0.015,#061624,0.03
10,20,0.015,0.015,#010B0B,0.01
11,20,0.015,0.015,#010B0B,0.01
12,20,0.015,0.015,#010B0B,0.09
13,20,0.015,0.015,#10241E,0.03
14,20,0.015,0.015,#22342B,0.03
15,20,0.015,0.015,#26535D,0.03
16,20,0.015,0.015,#26535D,0.09
17,20,0.015,0.015,#22342B,0.03
18,20,0.015,0.015,#681701,0.07
19,20,0.015,0.015,#7F4E20,0.01
20,20,0.015,0.015,#7F4E20,0.05
21,20,0.015,0.015,#371A08,0.09
22,20,0.015,0.015,#2B1D16,0.09
23,20,0.015,0.015,#1B140D,0.01
24,20,0.015,0.015,#1B140D,0.03
25,20,0.015,0.015,#1B140D,0.05
26,20,0.015,0.015,#1B140D,0.09
27,20,0.015,0.015,#1B140D,0.03
28,20,0.015,0.015,#40211B,0.05
29,20,0.015,0.015,#5A502E,0.01
30,20,0.015,0.015,#4E3028,0.09
31,20,0.015,0.015,#2B1D16,0.07
32,20,0.015,0.015,#330E09,0.03
33,20,0.015,0.015,#374534,0.03
34,20,0.015,0.015,#26535D,0.05
35,20,0.015,0.015,#024443,0.03
36,20,0.015,0.015,#024443,0.03
37,20,0.015,0.015,#09312F,0.05
38,20,0.015,0.015,#10241E,0.09
39,20,0.015,0.015,#010B0B,0.01
40,20,0.015,0.015,#080504,0.03
41,20,0.015,0.015,#080504,0.07
42,20,0.015,0.015,#080504,0.07
43,20,0.015,0.015,#080504,0.09
44,20,0.015,0.015,#1B140D,0.09
45,20,0.015,0.015,#4E3028,0.09
46,20,0.015,0.015,#1B140D,0.09
47,20,0.015,0.015,#080504,0.01
48,20,0.015,0.015,#080504,0.09
49,20,0.015,0.015,#080504,0.09
50,20,0.015,0.015,#080504,0.01
1,21,0.015,0.015,#080504,0.09
2,21,0.015,0.015,#080504,0.09
3,21,0.015,0.015,#080504,0.09
4,21,0.015,0.015,#080504,0.05
5,21,0.015,0.015,#080504,0.03
6,21,0.015,0.015,#080504,0.05
7,21,0.015,0.015,#080504,0.05
8,21,0.015,0.015,#010B0B,0.03
9,21,0.015,0.015,#061624,0.09
10,21,0.015,0.015,#09312F,0.03
11,21,0.015,0.015,#024443,0.03
12,21,0.015,0.015,#09312F,0.09
13,21,0.015,0.015,#124732,0.09
14,21,0.015,0.015,#22342B,0.09
15,21,0.015,0.015,#26535D,0.09
16,21,0.015,0.015,#024443,0.07
17,21,0.015,0.015,#09312F,0.01
18,21,0.015,0.015,#40211B,0.01
19,21,0.015,0.015,#7E3021,0.01
20,21,0.015,0.015,#664918,0.01
21,21,0.015,0.015,#080504,0.03
22,21,0.015,0.015,#664918,0.09
23,21,0.015,0.015,#4D360A,0.03
24,21,0.015,0.015,#2B1D16,0.03
25,21,0.015,0.015,#2B1D16,0.01
26,21,0.015,0.015,#40211B,0.05
27,21,0.015,0.015,#664918,0.01
28,21,0.015,0.015,#4E3028,0.01
29,21,0.015,0.015,#5A502E,0.05
30,21,0.015,0.015,#40211B,0.05
31,21,0.015,0.015,#6C192D,0.01
32,21,0.015,0.015,#2B1D16,0.01
33,21,0.015,0.015,#124732,0.05
34,21,0.015,0.015,#26535D,0.05
35,21,0.015,0.015,#09312F,0.07
36,21,0.015,0.015,#09312F,0.03
37,21,0.015,0.015,#09312F,0.05
38,21,0.015,0.015,#10241E,0.03
39,21,0.015,0.015,#010B0B,0.01
40,21,0.015,0.015,#080504,0.03
41,21,0.015,0.015,#1B140D,0.05
42,21,0.015,0.015,#13110D,0.07
43,21,0.015,0.015,#080504,0.03
44,21,0.015,0.015,#080504,0.01
45,21,0.015,0.015,#080504,0.03
46,21,0.015,0.015,#080504,0.01
47,21,0.015,0.015,#080504,0.07
48,21,0.015,0.015,#080504,0.07
49,21,0.015,0.015,#080504,0.03
50,21,0.015,0.015,#080504,0.05
1,22,0.015,0.015,#080504,0.07
2,22,0.015,0.015,#080504,0.05
3,22,0.015,0.015,#080504,0.03
4,22,0.015,0.015,#080504,0.07
5,22,0.015,0.015,#080504,0.03
6,22,0.015,0.015,#080504,0.05
7,22,0.015,0.015,#080504,0.03
8,22,0.015,0.015,#010B0B,0.07
9,22,0.015,0.015,#061624,0.01
10,22,0.015,0.015,#061624,0.09
11,22,0.015,0.015,#10241E,0.07
12,22,0.015,0.015,#22342B,0.09
13,22,0.015,0.015,#09312F,0.05
14,22,0.015,0.015,#223710,0.05
15,22,0.015,0.015,#314E3F,0.09
16,22,0.015,0.015,#024443,0.09
17,22,0.015,0.015,#024443,0.09
18,22,0.015,0.015,#22342B,0.07
19,22,0.015,0.015,#681701,0.03
20,22,0.015,0.015,#7E3021,0.01
21,22,0.015,0.015,#40211B,0.05
22,22,0.015,0.015,#664918,0.07
23,22,0.015,0.015,#664918,0.01
24,22,0.015,0.015,#4E3028,0.05
25,22,0.015,0.015,#7F4E20,0.01
26,22,0.015,0.015,#7F4E20,0.09
27,22,0.015,0.015,#6D4D04,0.05
28,22,0.015,0.015,#4D360A,0.03
29,22,0.015,0.015,#4D360A,0.09
30,22,0.015,0.015,#7E3021,0.05
31,22,0.015,0.015,#330E09,0.09
32,22,0.015,0.015,#22342B,0.05
33,22,0.015,0.015,#26535D,0.07
34,22,0.015,0.015,#024443,0.07
35,22,0.015,0.015,#09312F,0.05
36,22,0.015,0.015,#09312F,0.05
37,22,0.015,0.015,#061624,0.01
38,22,0.015,0.015,#1B140D,0.07
39,22,0.015,0.015,#40211B,0.01
40,22,0.015,0.015,#4E3028,0.07
41,22,0.015,0.015,#643735,0.03
42,22,0.015,0.015,#716155,0.03
43,22,0.015,0.015,#716155,0.05
44,22,0.015,0.015,#4E3028,0.05
45,22,0.015,0.015,#1B140D,0.05
46,22,0.015,0.015,#080504,0.09
47,22,0.015,0.015,#080504,0.09
48,22,0.015,0.015,#080504,0.07
49,22,0.015,0.015,#080504,0.07
50,22,0.015,0.015,#080504,0.07
1,23,0.015,0.015,#080504,0.05
2,23,0.015,0.015,#080504,0.05
3,23,0.015,0.015,#080504,0.03
4,23,0.015,0.015,#1B140D,0.07
5,23,0.015,0.015,#330E09,0.05
6,23,0.015,0.015,#1B140D,0.07
7,23,0.015,0.015,#1B140D,0.07
8,23,0.015,0.015,#330E09,0.01
9,23,0.015,0.015,#1B140D,0.01
10,23,0.015,0.015,#13110D,0.05
11,23,0.015,0.015,#10241E,0.01
12,23,0.015,0.015,#10241E,0.07
13,23,0.015,0.015,#10241E,0.07
14,23,0.015,0.015,#10241E,0.07
15,23,0.015,0.015,#2C491D,0.05
16,23,0.015,0.015,#4E6622,0.07
17,23,0.015,0.015,#26535D,0.01
18,23,0.015,0.015,#09312F,0.01
19,23,0.015,0.015,#40211B,0.01
20,23,0.015,0.015,#681701,0.01
21,23,0.015,0.015,#7E3021,0.09
22,23,0.015,0.015,#7E3021,0.01
23,23,0.015,0.015,#40211B,0.05
24,23,0.015,0.015,#7E3021,0.01
25,23,0.015,0.015,#7E3021,0.03
26,23,0.015,0.015,#7E3021,0.05
27,23,0.015,0.015,#7E3021,0.01
28,23,0.015,0.015,#40211B,0.05
29,23,0.015,0.015,#40211B,0.09
30,23,0.015,0.015,#371A08,0.03
31,23,0.015,0.015,#22342B,0.09
32,23,0.015,0.015,#024443,0.03
33,23,0.015,0.015,#024443,0.09
34,23,0.015,0.015,#024443,0.01
35,23,0.015,0.015,#09312F,0.07
36,23,0.015,0.015,#10241E,0.07
37,23,0.015,0.015,#4E3028,0.07
38,23,0.015,0.015,#643735,0.01
39,23,0.015,0.015,#643735,0.01
40,23,0.015,0.015,#716155,0.05
41,23,0.015,0.015,#716155,0.09
42,23,0.015,0.015,#2B1D16,0.09
43,23,0.015,0.015,#2B1D16,0.01
44,23,0.015,0.015,#1B140D,0.01
45,23,0.015,0.015,#1B140D,0.01
46,23,0.015,0.015,#13110D,0.05
47,23,0.015,0.015,#080504,0.01
48,23,0.015,0.015,#080504,0.07
49,23,0.015,0.015,#080504,0.05
50,23,0.015,0.015,#080504,0.01
1,24,0.015,0.015,#080504,0.01
2,24,0.015,0.015,#080504,0.07
3,24,0.015,0.015,#080504,0.07
4,24,0.015,0.015,#080504,0.07
5,24,0.015,0.015,#2B1D16,0.07
6,24,0.015,0.015,#2B1D16,0.07
7,24,0.015,0.015,#40211B,0.07
8,24,0.015,0.015,#40211B,0.07
9,24,0.015,0.015,#40211B,0.09
10,24,0.015,0.015,#40211B,0.05
11,24,0.015,0.015,#40211B,0.03
12,24,0.015,0.015,#1B140D,0.01
13,24,0.015,0.015,#13110D,0.07
14,24,0.015,0.015,#13110D,0.03
15,24,0.015,0.015,#182501,0.07
16,24,0.015,0.015,#2C491D,0.07
17,24,0.015,0.015,#314E3F,0.03
18,24,0.015,0.015,#124732,0.09
19,24,0.015,0.015,#10241E,0.03
20,24,0.015,0.015,#22342B,0.03
21,24,0.015,0.015,#40211B,0.09
22,24,0.015,0.015,#7E3021,0.05
23,24,0.015,0.015,#7E3021,0.05
24,24,0.015,0.015,#7E3021,0.05
25,24,0.015,0.015,#7E3021,0.07
26,24,0.015,0.015,#4E3028,0.01
27,24,0.015,0.015,#7E3021,0.07
28,24,0.015,0.015,#40211B,0.01
29,24,0.015,0.015,#2B1D16,0.03
30,24,0.015,0.015,#374534,0.03
31,24,0.015,0.015,#124732,0.03
32,24,0.015,0.015,#09312F,0.01
33,24,0.015,0.015,#09312F,0.03
34,24,0.015,0.015,#22342B,0.09
35,24,0.015,0.015,#5A502E,0.07
36,24,0.015,0.015,#716155,0.03
37,24,0.015,0.015,#5A502E,0.05
38,24,0.015,0.015,#5A502E,0.05
39,24,0.015,0.015,#4E3028,0.07
40,24,0.015,0.015,#2B1D16,0.07
41,24,0.015,0.015,#40211B,0.03
42,24,0.015,0.015,#4E3028,0.05
43,24,0.015,0.015,#371A08,0.07
44,24,0.015,0.015,#40211B,0.09
45,24,0.015,0.015,#13110D,0.01
46,24,0.015,0.015,#080504,0.05
47,24,0.015,0.015,#080504,0.05
48,24,0.015,0.015,#080504,0.03
49,24,0.015,0.015,#080504,0.03
50,24,0.015,0.015,#080504,0.09
1,25,0.015,0.015,#080504,0.07
2,25,0.015,0.015,#080504,0.07
3,25,0.015,0.015,#080504,0.09
4,25,0.015,0.015,#080504,0.01
5,25,0.015,0.015,#080504,0.01
6,25,0.015,0.015,#2B1D16,0.03
7,25,0.015,0.015,#13110D,0.05
8,25,0.015,0.015,#1B140D,0.09
9,25,0.015,0.015,#2B1D16,0.05
10,25,0.015,0.015,#40211B,0.05
11,25,0.015,0.015,#40211B,0.05
12,25,0.015,0.015,#40211B,0.01
13,25,0.015,0.015,#40211B,0.01
14,25,0.015,0.015,#1B140D,0.01
15,25,0.015,0.015,#1B140D,0.01
16,25,0.015,0.015,#223710,0.07
17,25,0.015,0.015,#4E6622,0.01
18,25,0.015,0.015,#4E6622,0.01
19,25,0.015,0.015,#314E3F,0.01
20,25,0.015,0.015,#124732,0.09
21,25,0.015,0.015,#22342B,0.07
22,25,0.015,0.015,#3A1D2D,0.03
23,25,0.015,0.015,#40211B,0.03
24,25,0.015,0.015,#40211B,0.03
25,25,0.015,0.015,#40211B,0.05
26,25,0.015,0.015,#2B1D16,0.03
27,25,0.015,0.015,#40211B,0.03
28,25,0.015,0.015,#40211B,0.01
29,25,0.015,0.015,#314E3F,0.01
30,25,0.015,0.015,#024443,0.01
31,25,0.015,0.015,#09312F,0.01
32,25,0.015,0.015,#22342B,0.09
33,25,0.015,0.015,#5A684C,0.07
34,25,0.015,0.015,#716155,0.07
35,25,0.015,0.015,#716155,0.01
36,25,0.015,0.015,#5A502E,0.01
37,25,0.015,0.015,#40211B,0.07
38,25,0.015,0.015,#40211B,0.01
39,25,0.015,0.015,#40211B,0.03
40,25,0.015,0.015,#2B1D16,0.03
41,25,0.015,0.015,#4E3028,0.07
42,25,0.015,0.015,#4E3028,0.09
43,25,0.015,0.015,#2B1D16,0.01
44,25,0.015,0.015,#1B140D,0.01
45,25,0.015,0.015,#2B1D16,0.03
46,25,0.015,0.015,#1B140D,0.03
47,25,0.015,0.015,#080504,0.07
48,25,0.015,0.015,#080504,0.01
49,25,0.015,0.015,#080504,0.03
50,25,0.015,0.015,#080504,0.09
1,26,0.015,0.015,#080504,0.05
2,26,0.015,0.015,#080504,0.03
3,26,0.015,0.015,#080504,0.03
4,26,0.015,0.015,#080504,0.03
5,26,0.015,0.015,#080504,0.01
6,26,0.015,0.015,#080504,0.03
7,26,0.015,0.015,#080504,0.03
8,26,0.015,0.015,#13110D,0.05
9,26,0.015,0.015,#13110D,0.03
10,26,0.015,0.015,#2B1D16,0.07
11,26,0.015,0.015,#40211B,0.03
12,26,0.015,0.015,#4E3028,0.07
13,26,0.015,0.015,#5A502E,0.09
14,26,0.015,0.015,#4E3028,0.09
15,26,0.015,0.015,#5A502E,0.03
16,26,0.015,0.015,#4E3028,0.09
17,26,0.015,0.015,#40211B,0.09
18,26,0.015,0.015,#2C491D,0.09
19,26,0.015,0.015,#2C491D,0.03
20,26,0.015,0.015,#314E3F,0.09
21,26,0.015,0.015,#26535D,0.03
22,26,0.015,0.015,#26535D,0.09
23,26,0.015,0.015,#024443,0.07
24,26,0.015,0.015,#124732,0.09
25,26,0.015,0.015,#124732,0.07
26,26,0.015,0.015,#22342B,0.05
27,26,0.015,0.015,#09312F,0.05
28,26,0.015,0.015,#22342B,0.01
29,26,0.015,0.015,#314E3F,0.03
30,26,0.015,0.015,#314E3F,0.03
31,26,0.015,0.015,#716155,0.01
32,26,0.015,0.015,#716155,0.01
33,26,0.015,0.015,#5A502E,0.01
34,26,0.015,0.015,#5A502E,0.05
35,26,0.015,0.015,#4E3028,0.07
36,26,0.015,0.015,#2B1D16,0.07
37,26,0.015,0.015,#4E3028,0.09
38,26,0.015,0.015,#40211B,0.09
39,26,0.015,0.015,#40211B,0.01
40,26,0.015,0.015,#7E4541,0.09
41,26,0.015,0.015,#5A502E,0.07
42,26,0.015,0.015,#2B1D16,0.01
43,26,0.015,0.015,#4E3028,0.03
44,26,0.015,0.015,#4E3028,0.07
45,26,0.015,0.015,#2B1D16,0.05
46,26,0.015,0.015,#1B140D,0.09
47,26,0.015,0.015,#080504,0.05
48,26,0.015,0.015,#080504,0.03
49,26,0.015,0.015,#080504,0.09
50,26,0.015,0.015,#080504,0.05
1,27,0.015,0.015,#080504,0.03
2,27,0.015,0.015,#080504,0.03
3,27,0.015,0.015,#080504,0.07
4,27,0.015,0.015,#080504,0.09
5,27,0.015,0.015,#080504,0.01
6,27,0.015,0.015,#080504,0.05
7,27,0.015,0.015,#080504,0.03
8,27,0.015,0.015,#13110D,0.03
9,27,0.015,0.015,#1B140D,0.09
10,27,0.015,0.015,#13110D,0.09
11,27,0.015,0.015,#1B140D,0.03
12,27,0.015,0.015,#1B140D,0.01
13,27,0.015,0.015,#1B140D,0.01
14,27,0.015,0.015,#40211B,0.09
15,27,0.015,0.015,#40211B,0.05
16,27,0.015,0.015,#40211B,0.05
17,27,0.015,0.015,#5A502E,0.09
18,27,0.015,0.015,#5A502E,0.09
19,27,0.015,0.015,#5A502E,0.07
20,27,0.015,0.015,#5A502E,0.05
21,27,0.015,0.015,#5A502E,0.09
22,27,0.015,0.015,#5A502E,0.05
23,27,0.015,0.015,#5A502E,0.05
24,27,0.015,0.015,#5A502E,0.07
25,27,0.015,0.015,#5A502E,0.07
26,27,0.015,0.015,#7E4541,0.03
27,27,0.015,0.015,#7E4541,0.01
28,27,0.015,0.015,#716155,0.09
29,27,0.015,0.015,#5A502E,0.09
30,27,0.015,0.015,#5A502E,0.09
31,27,0.015,0.015,#4E3028,0.09
32,27,0.015,0.015,#4E3028,0.05
33,27,0.015,0.015,#40211B,0.01
34,27,0.015,0.015,#13110D,0.07
35,27,0.015,0.015,#1B140D,0.01
36,27,0.015,0.015,#2B1D16,0.07
37,27,0.015,0.015,#2B1D16,0.05
38,27,0.015,0.015,#4E3028,0.01
39,27,0.015,0.015,#7E4541,0.03
40,27,0.015,0.015,#4E3028,0.07
41,27,0.015,0.015,#2B1D16,0.03
42,27,0.015,0.015,#5A502E,0.09
43,27,0.015,0.015,#5A502E,0.01
44,27,0.015,0.015,#2B1D16,0.03
45,27,0.015,0.015,#1B140D,0.05
46,27,0.015,0.015,#1B140D,0.07
47,27,0.015,0.015,#080504,0.05
48,27,0.015,0.015,#080504,0.03
49,27,0.015,0.015,#080504,0.01
50,27,0.015,0.015,#080504,0.01
1,28,0.015,0.015,#080504,0.05
2,28,0.015,0.015,#080504,0.05
3,28,0.015,0.015,#080504,0.05
4,28,0.015,0.015,#080504,0.01
5,28,0.015,0.015,#080504,0.01
6,28,0.015,0.015,#080504,0.03
7,28,0.015,0.015,#080504,0.05
8,28,0.015,0.015,#080504,0.05
9,28,0.015,0.015,#2B1D16,0.07
10,28,0.015,0.015,#080504,0.07
11,28,0.015,0.015,#1B140D,0.07
12,28,0.015,0.015,#1B140D,0.03
13,28,0.015,0.015,#2B1D16,0.07
14,28,0.015,0.015,#13110D,0.09
15,28,0.015,0.015,#2B1D16,0.09
16,28,0.015,0.015,#13110D,0.07
17,28,0.015,0.015,#2B1D16,0.07
18,28,0.015,0.015,#40211B,0.09
19,28,0.015,0.015,#40211B,0.09
20,28,0.015,0.015,#40211B,0.09
21,28,0.015,0.015,#40211B,0.09
22,28,0.015,0.015,#4E3028,0.05
23,28,0.015,0.015,#643735,0.05
24,28,0.015,0.015,#4E3028,0.05
25,28,0.015,0.015,#4E3028,0.01
26,28,0.015,0.015,#643735,0.09
27,28,0.015,0.015,#4E3028,0.03
28,28,0.015,0.015,#40211B,0.01
29,28,0.015,0.015,#4E3028,0.05
30,28,0.015,0.015,#4E3028,0.03
31,28,0.015,0.015,#40211B,0.09
32,28,0.015,0.015,#1B140D,0.09
33,28,0.015,0.015,#1B140D,0.03
34,28,0.015,0.015,#2B1D16,0.01
35,28,0.015,0.015,#2B1D16,0.03
36,28,0.015,0.015,#2B1D16,0.03
37,28,0.015,0.015,#5A502E,0.05
38,28,0.015,0.015,#5A502E,0.09
39,28,0.015,0.015,#4E3028,0.09
40,28,0.015,0.015,#5A502E,0.03
41,28,0.015,0.015,#4E3028,0.05
42,28,0.015,0.015,#40211B,0.01
43,28,0.015,0.015,#1B140D,0.09
44,28,0.015,0.015,#1B140D,0.01
45,28,0.015,0.015,#1B140D,0.03
46,28,0.015,0.015,#1B140D,0.03
47,28,0.015,0.015,#080504,0.07
48,28,0.015,0.015,#080504,0.01
49,28,0.015,0.015,#080504,0.03
50,28,0.015,0.015,#080504,0.05
1,29,0.015,0.015,#080504,0.05
2,29,0.015,0.015,#080504,0.07
3,29,0.015,0.015,#080504,0.03
4,29,0.015,0.015,#080504,0.09
5,29,0.015,0.015,#080504,0.05
6,29,0.015,0.015,#080504,0.05
7,29,0.015,0.015,#080504,0.03
8,29,0.015,0.015,#080504,0.09
9,29,0.015,0.015,#2B1D16,0.05
10,29,0.015,0.015,#080504,0.01
11,29,0.015,0.015,#080504,0.01
12,29,0.015,0.015,#1B140D,0.09
13,29,0.015,0.015,#2B1D16,0.09
14,29,0.015,0.015,#2B1D16,0.03
15,29,0.015,0.015,#1B140D,0.07
16,29,0.015,0.015,#13110D,0.01
17,29,0.015,0.015,#13110D,0.05
18,29,0.015,0.015,#1B140D,0.05
19,29,0.015,0.015,#13110D,0.01
20,29,0.015,0.015,#13110D,0.01
21,29,0.015,0.015,#1B140D,0.01
22,29,0.015,0.015,#1B140D,0.07
23,29,0.015,0.015,#1B140D,0.09
24,29,0.015,0.015,#40211B,0.01
25,29,0.015,0.015,#2B1D16,0.09
26,29,0.015,0.015,#2B1D16,0.03
27,29,0.015,0.015,#1B140D,0.09
28,29,0.015,0.015,#13110D,0.07
29,29,0.015,0.015,#1B140D,0.07
30,29,0.015,0.015,#13110D,0.07
31,29,0.015,0.015,#1B140D,0.01
32,29,0.015,0.015,#40211B,0.05
33,29,0.015,0.015,#40211B,0.07
34,29,0.015,0.015,#40211B,0.07
35,29,0.015,0.015,#40211B,0.07
36,29,0.015,0.015,#5A502E,0.01
37,29,0.015,0.015,#4E3028,0.05
38,29,0.015,0.015,#4E3028,0.03
39,29,0.015,0.015,#4E3028,0.07
40,29,0.015,0.015,#2B1D16,0.07
41,29,0.015,0.015,#2B1D16,0.09
42,29,0.015,0.015,#1B140D,0.07
43,29,0.015,0.015,#2B1D16,0.03
44,29,0.015,0.015,#1B140D,0.07
45,29,0.015,0.015,#1B140D,0.01
46,29,0.015,0.015,#13110D,0.01
47,29,0.015,0.015,#080504,0.07
48,29,0.015,0.015,#080504,0.01
49,29,0.015,0.015,#080504,0.09
50,29,0.015,0.015,#080504,0.05
1,30,0.015,0.015,#080504,0.07
2,30,0.015,0.015,#080504,0.07
3,30,0.015,0.015,#080504,0.05
4,30,0.015,0.015,#080504,0.01
5,30,0.015,0.015,#080504,0.03
6,30,0.015,0.015,#080504,0.07
7,30,0.015,0.015,#080504,0.09
8,30,0.015,0.015,#080504,0.01
9,30,0.015,0.015,#1B140D,0.01
10,30,0.015,0.015,#080504,0.01
11,30,0.015,0.015,#080504,0.07
12,30,0.015,0.015,#080504,0.07
13,30,0.015,0.015,#13110D,0.05
14,30,0.015,0.015,#1B140D,0.07
15,30,0.015,0.015,#13110D,0.03
16,30,0.015,0.015,#1B140D,0.01
17,30,0.015,0.015,#40211B,0.03
18,30,0.015,0.015,#1B140D,0.07
19,30,0.015,0.015,#13110D,0.07
20,30,0.015,0.015,#080504,0.07
21,30,0.015,0.015,#080504,0.01
22,30,0.015,0.015,#13110D,0.07
23,30,0.015,0.015,#080504,0.07
24,30,0.015,0.015,#1B140D,0.03
25,30,0.015,0.015,#13110D,0.07
26,30,0.015,0.015,#13110D,0.09
27,30,0.015,0.015,#13110D,0.03
28,30,0.015,0.015,#13110D,0.05
29,30,0.015,0.015,#1B140D,0.05
30,30,0.015,0.015,#2B1D16,0.01
31,30,0.015,0.015,#2B1D16,0.07
32,30,0.015,0.015,#1B140D,0.01
33,30,0.015,0.015,#2B1D16,0.01
34,30,0.015,0.015,#4E3028,0.01
35,30,0.015,0.015,#4E3028,0.03
36,30,0.015,0.015,#40211B,0.05
37,30,0.015,0.015,#1B140D,0.03
38,30,0.015,0.015,#40211B,0.05
39,30,0.015,0.015,#40211B,0.09
40,30,0.015,0.015,#1B140D,0.05
41,30,0.015,0.015,#1B140D,0.05
42,30,0.015,0.015,#2B1D16,0.09
43,30,0.015,0.015,#1B140D,0.09
44,30,0.015,0.015,#2B1D16,0.01
45,30,0.015,0.015,#1B140D,0.03
46,30,0.015,0.015,#080504,0.07
47,30,0.015,0.015,#080504,0.07
48,30,0.015,0.015,#080504,0.01
49,30,0.015,0.015,#080504,0.07
50,30,0.015,0.015,#080504,0.09
1,31,0.015,0.015,#080504,0.09
2,31,0.015,0.015,#080504,0.09
3,31,0.015,0.015,#080504,0.01
4,31,0.015,0.015,#080504,0.01
5,31,0.015,0.015,#080504,0.07
6,31,0.015,0.015,#080504,0.05
7,31,0.015,0.015,#080504,0.09
8,31,0.015,0.015,#080504,0.01
9,31,0.015,0.015,#080504,0.03
10,31,0.015,0.015,#080504,0.09
11,31,0.015,0.015,#080504,0.09
12,31,0.015,0.015,#080504,0.05
13,31,0.015,0.015,#080504,0.09
14,31,0.015,0.015,#1B140D,0.07
15,31,0.015,0.015,#13110D,0.05
16,31,0.015,0.015,#13110D,0.03
17,31,0.015,0.015,#2B1D16,0.07
18,31,0.015,0.015,#1B140D,0.03
19,31,0.015,0.015,#2B1D16,0.09
20,31,0.015,0.015,#1B140D,0.01
21,31,0.015,0.015,#080504,0.07
22,31,0.015,0.015,#13110D,0.03
23,31,0.015,0.015,#2B1D16,0.07
24,31,0.015,0.015,#40211B,0.07
25,31,0.015,0.015,#2B1D16,0.01
26,31,0.015,0.015,#2B1D16,0.01
27,31,0.015,0.015,#40211B,0.03
28,31,0.015,0.015,#40211B,0.01
29,31,0.015,0.015,#2B1D16,0.01
30,31,0.015,0.015,#4E3028,0.05
31,31,0.015,0.015,#40211B,0.03
32,31,0.015,0.015,#2B1D16,0.09
33,31,0.015,0.015,#4E3028,0.01
34,31,0.015,0.015,#4E3028,0.01
35,31,0.015,0.015,#4E3028,0.05
36,31,0.015,0.015,#4E3028,0.03
37,31,0.015,0.015,#2B1D16,0.05
38,31,0.015,0.015,#1B140D,0.09
39,31,0.015,0.015,#13110D,0.03
40,31,0.015,0.015,#2B1D16,0.05
41,31,0.015,0.015,#3A1D2D,0.05
42,31,0.015,0.015,#1B140D,0.07
43,31,0.015,0.015,#2B1D16,0.07
44,31,0.015,0.015,#2B1D16,0.05
45,31,0.015,0.015,#2B1D16,0.01
46,31,0.015,0.015,#13110D,0.05
47,31,0.015,0.015,#080504,0.05
48,31,0.015,0.015,#080504,0.09
49,31,0.015,0.015,#080504,0.01
50,31,0.015,0.015,#080504,0.09
1,32,0.015,0.015,#080504,0.01
2,32,0.015,0.015,#080504,0.09
3,32,0.015,0.015,#080504,0.03
4,32,0.015,0.015,#080504,0.01
5,32,0.015,0.015,#080504,0.07
6,32,0.015,0.015,#080504,0.05
7,32,0.015,0.015,#080504,0.07
8,32,0.015,0.015,#080504,0.01
9,32,0.015,0.015,#080504,0.01
10,32,0.015,0.015,#080504,0.07
11,32,0.015,0.015,#080504,0.03
12,32,0.015,0.015,#080504,0.09
13,32,0.015,0.015,#080504,0.09
14,32,0.015,0.015,#13110D,0.07
15,32,0.015,0.015,#080504,0.01
16,32,0.015,0.015,#080504,0.01
17,32,0.015,0.015,#1B140D,0.09
18,32,0.015,0.015,#13110D,0.03
19,32,0.015,0.015,#13110D,0.03
20,32,0.015,0.015,#13110D,0.07
21,32,0.015,0.015,#10241E,0.07
22,32,0.015,0.015,#13110D,0.03
23,32,0.015,0.015,#13110D,0.09
24,32,0.015,0.015,#080504,0.09
25,32,0.015,0.015,#1B140D,0.05
26,32,0.015,0.015,#1B140D,0.09
27,32,0.015,0.015,#2B1D16,0.05
28,32,0.015,0.015,#1B140D,0.07
29,32,0.015,0.015,#40211B,0.05
30,32,0.015,0.015,#4E3028,0.05
31,32,0.015,0.015,#4E3028,0.05
32,32,0.015,0.015,#5A502E,0.09
33,32,0.015,0.015,#4E3028,0.09
34,32,0.015,0.015,#2B1D16,0.01
35,32,0.015,0.015,#2B1D16,0.05
36,32,0.015,0.015,#13110D,0.05
37,32,0.015,0.015,#080504,0.05
38,32,0.015,0.015,#13110D,0.03
39,32,0.015,0.015,#1B140D,0.03
40,32,0.015,0.015,#13110D,0.09
41,32,0.015,0.015,#080504,0.01
42,32,0.015,0.015,#2B1D16,0.05
43,32,0.015,0.015,#1B140D,0.07
44,32,0.015,0.015,#2B1D16,0.01
45,32,0.015,0.015,#2B1D16,0.09
46,32,0.015,0.015,#13110D,0.03
47,32,0.015,0.015,#080504,0.05
48,32,0.015,0.015,#080504,0.05
49,32,0.015,0.015,#080504,0.03
50,32,0.015,0.015,#080504,0.07
1,33,0.015,0.015,#080504,0.07
2,33,0.015,0.015,#080504,0.07
3,33,0.015,0.015,#080504,0.09
4,33,0.015,0.015,#080504,0.05
5,33,0.015,0.015,#080504,0.01
6,33,0.015,0.015,#080504,0.03
7,33,0.015,0.015,#080504,0.09
8,33,0.015,0.015,#080504,0.01
9,33,0.015,0.015,#080504,0.01
10,33,0.015,0.015,#080504,0.07
11,33,0.015,0.015,#080504,0.03
12,33,0.015,0.015,#080504,0.03
13,33,0.015,0.015,#080504,0.05
14,33,0.015,0.015,#13110D,0.01
15,33,0.015,0.015,#080504,0.07
16,33,0.015,0.015,#080504,0.09
17,33,0.015,0.015,#080504,0.09
18,33,0.015,0.015,#080504,0.09
19,33,0.015,0.015,#13110D,0.07
20,33,0.015,0.015,#080504,0.05
21,33,0.015,0.015,#010B0B,0.09
22,33,0.015,0.015,#13110D,0.09
23,33,0.015,0.015,#080504,0.03
24,33,0.015,0.015,#13110D,0.05
25,33,0.015,0.015,#080504,0.09
26,33,0.015,0.015,#13110D,0.01
27,33,0.015,0.015,#13110D,0.01
28,33,0.015,0.015,#13110D,0.01
29,33,0.015,0.015,#2B1D16,0.05
30,33,0.015,0.015,#2B1D16,0.07
31,33,0.015,0.015,#13110D,0.09
32,33,0.015,0.015,#080504,0.07
33,33,0.015,0.015,#080504,0.09
34,33,0.015,0.015,#080504,0.03
35,33,0.015,0.015,#080504,0.07
36,33,0.015,0.015,#080504,0.07
37,33,0.015,0.015,#13110D,0.01
38,33,0.015,0.015,#080504,0.09
39,33,0.015,0.015,#080504,0.05
40,33,0.015,0.015,#080504,0.07
41,33,0.015,0.015,#080504,0.01
42,33,0.015,0.015,#080504,0.03
43,33,0.015,0.015,#080504,0.01
44,33,0.015,0.015,#13110D,0.05
45,33,0.015,0.015,#080504,0.05
46,33,0.015,0.015,#080504,0.09
47,33,0.015,0.015,#080504,0.01
48,33,0.015,0.015,#080504,0.09
49,33,0.015,0.015,#080504,0.09
50,33,0.015,0.015,#080504,0.09
1,34,0.015,0.015,#080504,0.09
2,34,0.015,0.015,#080504,0.01
3,34,0.015,0.015,#080504,0.03
4,34,0.015,0.015,#080504,0.07
5,34,0.015,0.015,#080504,0.09
6,34,0.015,0.015,#080504,0.09
7,34,0.015,0.015,#080504,0.05
8,34,0.015,0.015,#080504,0.09
9,34,0.015,0.015,#080504,0.07
10,34,0.015,0.015,#080504,0.09
11,34,0.015,0.015,#080504,0.01
12,34,0.015,0.015,#080504,0.07
13,34,0.015,0.015,#080504,0.05
14,34,0.015,0.015,#080504,0.07
15,34,0.015,0.015,#080504,0.01
16,34,0.015,0.015,#080504,0.09
17,34,0.015,0.015,#080504,0.09
18,34,0.015,0.015,#080504,0.05
19,34,0.015,0.015,#080504,0.09
20,34,0.015,0.015,#080504,0.01
21,34,0.015,0.015,#080504,0.07
22,34,0.015,0.015,#080504,0.09
23,34,0.015,0.015,#080504,0.05
24,34,0.015,0.015,#080504,0.01
25,34,0.015,0.015,#080504,0.01
26,34,0.015,0.015,#080504,0.01
27,34,0.015,0.015,#080504,0.09
28,34,0.015,0.015,#080504,0.09
29,34,0.015,0.015,#080504,0.09
30,34,0.015,0.015,#080504,0.09
31,34,0.015,0.015,#080504,0.03
32,34,0.015,0.015,#080504,0.07
33,34,0.015,0.015,#080504,0.07
34,34,0.015,0.015,#080504,0.05
35,34,0.015,0.015,#080504,0.09
36,34,0.015,0.015,#080504,0.09
37,34,0.015,0.015,#080504,0.07
38,34,0.015,0.015,#080504,0.05
39,34,0.015,0.015,#080504,0.09
40,34,0.015,0.015,#080504,0.07
41,34,0.015,0.015,#080504,0.05
42,34,0.015,0.015,#080504,0.01
43,34,0.015,0.015,#080504,0.07
44,34,0.015,0.015,#080504,0.09
45,34,0.015,0.015,#080504,0.09
46,34,0.015,0.015,#080504,0.07
47,34,0.015,0.015,#080504,0.09
48,34,0.015,0.015,#080504,0.07
49,34,0.015,0.015,#080504,0.07
50,34,0.015,0.015,#080504,0.01
1,35,0.015,0.015,#080504,0.03
2,35,0.015,0.015,#080504,0.03
3,35,0.015,0.015,#080504,0.03
4,35,0.015,0.015,#080504,0.03
5,35,0.015,0.015,#080504,0.01
6,35,0.015,0.015,#080504,0.09
7,35,0.015,0.015,#080504,0.09
8,35,0.015,0.015,#080504,0.01
9,35,0.015,0.015,#080504,0.05
10,35,0.015,0.015,#080504,0.07
11,35,0.015,0.015,#080504,0.03
12,35,0.015,0.015,#080504,0.05
13,35,0.015,0.015,#080504,0.05
14,35,0.015,0.015,#080504,0.07
15,35,0.015,0.015,#080504,0.05
16,35,0.015,0.015,#080504,0.05
17,35,0.015,0.015,#080504,0.05
18,35,0.015,0.015,#080504,0.05
19,35,0.015,0.015,#080504,0.01
20,35,0.015,0.015,#080504,0.01
21,35,0.015,0.015,#080504,0.05
22,35,0.015,0.015,#080504,0.09
23,35,0.015,0.015,#080504,0.05
24,35,0.015,0.015,#080504,0.01
25,35,0.015,0.015,#080504,0.07
26,35,0.015,0.015,#080504,0.01
27,35,0.015,0.015,#080504,0.01
28,35,0.015,0.015,#080504,0.03
29,35,0.015,0.015,#080504,0.01
30,35,0.015,0.015,#080504,0.05
31,35,0.015,0.015,#080504,0.03
32,35,0.015,0.015,#080504,0.03
33,35,0.015,0.015,#080504,0.09
34,35,0.015,0.015,#080504,0.07
35,35,0.015,0.015,#080504,0.01
36,35,0.015,0.015,#080504,0.07
37,35,0.015,0.015,#080504,0.09
38,35,0.015,0.015,#080504,0.03
39,35,0.015,0.015,#080504,0.09
40,35,0.015,0.015,#080504,0.05
41,35,0.015,0.015,#080504,0.01
42,35,0.015,0.015,#080504,0.01
43,35,0.015,0.015,#080504,0.03
44,35,0.015,0.015,#080504,0.07
45,35,0.015,0.015,#080504,0.01
46,35,0.015,0.015,#080504,0.09
47,35,0.015,0.015,#080504,0.07
48,35,0.015,0.015,#080504,0.05
49,35,0.015,0.015,#080504,0.07
50,35,0.015,0.015,#080504,0.07
1,36,0.015,0.015,#080504,0.09
2,36,0.015,0.015,#080504,0.03
3,36,0.015,0.015,#080504,0.09
4,36,0.015,0.015,#080504,0.05
5,36,0.015,0.015,#080504,0.07
6,36,0.015,0.015,#080504,0.03
7,36,0.015,0.015,#080504,0.03
8,36,0.015,0.015,#080504,0.05
9,36,0.015,0.015,#080504,0.05
10,36,0.015,0.015,#080504,0.09
11,36,0.015,0.015,#080504,0.07
12,36,0.015,0.015,#080504,0.09
13,36,0.015,0.015,#080504,0.09
14,36,0.015,0.015,#080504,0.05
15,36,0.015,0.015,#080504,0.07
16,36,0.015,0.015,#080504,0.05
17,36,0.015,0.015,#080504,0.01
18,36,0.015,0.015,#080504,0.01
19,36,0.015,0.015,#080504,0.07
20,36,0.015,0.015,#080504,0.07
21,36,0.015,0.015,#080504,0.05
22,36,0.015,0.015,#080504,0.03
23,36,0.015,0.015,#080504,0.05
24,36,0.015,0.015,#080504,0.01
25,36,0.015,0.015,#080504,0.01
26,36,0.015,0.015,#080504,0.09
27,36,0.015,0.015,#080504,0.07
28,36,0.015,0.015,#080504,0.05
29,36,0.015,0.015,#080504,0.05
30,36,0.015,0.015,#080504,0.09
31,36,0.015,0.015,#080504,0.07
32,36,0.015,0.015,#080504,0.01
33,36,0.015,0.015,#080504,0.01
34,36,0.015,0.015,#080504,0.03
35,36,0.015,0.015,#080504,0.07
36,36,0.015,0.015,#080504,0.05
37,36,0.015,0.015,#080504,0.09
38,36,0.015,0.015,#080504,0.03
39,36,0.015,0.015,#080504,0.05
40,36,0.015,0.015,#080504,0.01
41,36,0.015,0.015,#080504,0.03
42,36,0.015,0.015,#080504,0.05
43,36,0.015,0.015,#080504,0.03
44,36,0.015,0.015,#080504,0.05
45,36,0.015,0.015,#080504,0.03
46,36,0.015,0.015,#080504,0.03
47,36,0.015,0.015,#080504,0.03
48,36,0.015,0.015,#080504,0.01
49,36,0.015,0.015,#080504,0.05
50,36,0.015,0.015,#080504,0.01
